{"Id":"116686","Author":"","Content":"Reuters Florencia .- El portavoz de Monte Paschi di Siena, el banco italiano en el centro de una investigación sobre supuesta corrupción y fraude, fue hallado muerto en la sede de la institución en Siena, dijo el miércoles  una fuente judicial. David Rossi era el director de la unidad de comunicación del banco. Un testigo dijo que su cuerpo, que había sido cubierto con una sábana, yacía bajo una ventana abierta con vista a un patio afuera del edificio, una restaurada fortaleza del siglo XIV. Rossi, quien no era investigado, figuró entre las personas cuyos hogares y oficinas fueron registradas el mes pasado como parte de una investigación sobre la compra de Antonveneta en el 2007 y las subsiguientes pérdidas vinculadas a acuerdos con derivados.","Title":"Portavoz de banco italiano es hallado muerto","PublishedDate":1362634079,"Keywords":[]}