{"Id":"118678","Author":"Redacción","Content":"CIUDAD VICTORIA.-  La Procuraduría General de Justicia de Tamaulipas informó que la mañana de este martes fue localizado el cuerpo del periodista Héctor González Antonio, en una calle de la colonia Estrella de la capital tamaulipeca.De acuerdo con los primeros informes, el periodista -quien colaboraba como corresponsal del Excélsior y medios locales- murió por golpes.Ante ello, se abrió la carpeta de investigación correspondiente para las indagatorias que permitan la identificación y localización de los responsables de este homicidio.La dependencia dijo continuará informando del avance de las investigaciones.La semana pasada, la colaboradora de El Financiero, Alicia Díaz González, fue hallada muerta en su casa; la Fiscalía de Nuevo León informó que la víctima presentó \"heridas punzocortantes en el cuello (nuca)\".Según ONU-DH, con el asesinato de Héctor González Antonio, al menos seis periodistas han sido víctimas de homicidio en 2018, mientras que Agustín Silva permanece desaparecido desde el 21 de enero.","Title":"Hallan muerto al periodista Héctor González en Tamaulipas","PublishedDate":1527624687,"Keywords":[]}