{"Id":"14263","Author":"Redacción","Content":"La Secretaría de Seguridad y Protección Ciudadana (SSC-CDMX) informó este lunes la detención del sujeto que agredió con un tabique a un menor de edad en un restaurante de la colonia Roma, en la Ciudad de México.Omar García Harfuch, titular de la dependencia, refirió que el responsable podría tratarse de un centroamericano que atacó al niño sin razón alguna. Logramos la detención del agresor de el joven lastimado el día de ayer. Estamos en comunicación permanente con la familia. No se tolerará ningún tipo de violencia en nuestra CDMX. https://t.co/lvI120QVK6 pic.twitter.com/i7jbR0TOAI— Omar Garcia Harfuch (@OHarfuch) May 2, 2022 Los hechos se registraron la tarde del domingo en el restaurante Taquearte, ubicado en la colonia Roma de la alcaldía Álvaro Obregón. En las imágenes, difundidas por Irene Levy, se observa al agresor acercarse a la víctima con un objeto de concreto y golpearlo fuertemente en la cabeza; posteriormente se echó a correr. ⚠️ AVISO d imágenes FUERTES. El día de hoy atacaron al hijito de un amigo en Taquearte de Álv Obregón col. ROMA. Está grave en el hospital San Angel Inn Chap. Necesitamos ayuda d un penalista y q las autoridades nos ayuden a encontrar al agresor. RT Por Favor! #NoMasViolencia pic.twitter.com/N2d3OcOUqc— Irene Levy (@soyirenelevy) May 2, 2022 ","Title":"Detienen a sujeto que agredió a niño en taquería de la colonia Roma","PublishedDate":1651518034,"Keywords":[]}