{"Id":"161556","Author":"AP","Content":"SINGAPUR.- Una estadounidense directora de un sitio de intercambio virtual de bitcoins fue hallado muerta en su casa en Singapur.Un vocero de la policía dijo que investigaban la muerte no natural de Autumn Radtke, de 28 años, que aparentemente fue un suicidio, aunque no había aún sospechas de que haya ocurrido un crimen.El vocero dijo que Radtke fue hallada en su casa el 26 de febrero.Su compañía, First Meta, informó que estaban \"impactados y tristes por esta trágica pérdida\".First Meta permite a usuarios de divisas virtuales como bitcoin intercambiar y cobrar esas divisas.El futuro de los bitcoins ha estado bajo escrutinio desde el colapso del sitio de intercambio Mt. Gox, de Tokio, el mes pasado.Radtke había trabajado en otras compañías tecnológicas, entre ellas Apple.","Title":"Hallan muerta a directora de sitio de intercambio de bitcoins","PublishedDate":1394166180,"Keywords":[]}