{"Id":"19270","Author":"Oscar García","Content":"Tres personas resultaron heridas en una agresión, al inicio de la campaña de la candidata de Morena, Tania López a la presidencia de Santa Cruz Xoxocotlán, municipio perteneciente a los Valles Centrales de Oaxaca.Según el reporte, un grupo de personas llegaron a agredir a la candidata  y a los brigadistas que la acompañaban  en un recorrido por calles del municipio.Tres personas, protegieron a la candidata para que no fuera agredida al  caminar  por calles de  la Agencia Municipal de Esquipulas  Xoxocotlán.Uno de los lesionados, identificado como  Víctor Manuel Barragán de 22 años de edad, resultó lesionado  con postas de escopetas en el hombro.Las otras dos personas de igual manera fueron trasladadas para ser atendidas en un hospital.La mañana de este  jueves, las tres personas se reportaron fuera de peligro.Por su parte, la candidata de Morena, Tania López López, informó  en su redes sociales  “hicimos  las denuncias correspondientes para dar con los responsables”.Santa Cruz Xoxocotlán, es uno de los 6 municipios donde se realizan elecciones extraordinarias, luego de que el Tribunal Estatal Electoral cancelara las elección de junio del 2021,  por rebasar los gastos de campaña.Luego de meses de retraso, el Instituto Nacional Electoral y el Instituto Estatal Electoral y de Participación Ciudadana de Oaxaca (IEEPCO) definieron el 6 de marzo como la fecha en la que se llevarían a cabo los comicios extraordinarios. Los seis municipios incluían aquellos donde se suspendieron las elecciones por falta de condiciones, hechos de violencia como la quema de urnas o por fallos del tribunal en los que se pospuso el ejercicio, como fue el caso del municipio de Salina Cruz. Los municipios en los que se llevaron a cabo las votaciones extraordinarias por hechos de violencia fueron: Reforma de Pineda, Santa María Xadani, Mixtequilla, Santiago Laollaga y Chahuites. Mientras que en Santa Cruz Xoxocotlán se anularon y se convocaron a nuevas. ","Title":"Tres brigadistas de Morena fueron agredidos en Oaxaca durante apertura de campaña","PublishedDate":1646930822,"Keywords":[]}