{"Id":"19354","Author":"Arturo Estrada/Correponsal","Content":"El asesor del presidente municipal de Aguililla, René Cervantes Gaytán, fue localizado sin vida en el predio Las Parcelas de Castillo, según informó este viernes la Fiscalía General de Michoacán.La víctima reportada como desaparecida la tarde de este jueves, fue vista por última vez después de las tres de la tarde, cuando salió de las oficinas municipales, agregó la Fiscalía estatal.Ese mismo día, el presidente municipal César Arturo Valencia Caballero fue ultimado a tiros mientras transitaba por las inmediaciones de una cancha de futbol.El reporte preliminar señaló que Valencia presentó tres heridas producidas por proyectiles de arma de fuego, mientras que en el lugar de los hechos fueron encontrados casquillos calibre .10mm.El gobernador de Michoacán, Alfredo Ramírez Bedolla condenó los hechos ocurridos y lanzó órdenes para investigar el caso y castigar a quienes resulten responsables.Entre tanto, la Fiscalía estatal se trasladó al predio donde fue localizado el cuerpo de quien fungía como asesor de Valencia con el objetivo de iniciar las indagatorias correspondientes y deslindar responsabilidades sobre el homicidio.Hasta el momento, la institución no ha dado a conoce si la muerte de René Cervantes está relacionada con el homicidio del edil de Aguililla.#FiscalíaMich se desplaza al predio Las Parcelas de Castillo, lugar donde fue localizado sin vida René Cervantes Gaytán, asesor del presidente municipal de Aguililla. En apego al protocolo, realizará las actuaciones periciales para esclarecer los hechos. pic.twitter.com/X4UFSqVfpL— Fiscalía General de Michoacán (@FiscaliaMich) March 11, 2022\n\nAguililla: Uno de los municipios más peligrososA inicios de febrero, más de mil elementos del ejército tomaron el control de las comunidades Naranjo de Chila y San José de Chila, pertenecientes al municipio de Aguililla; uno de los más violentos de Michoacán.El gobierno señaló que con la presencia de la fuerzas del orden en la región de Tierra Caliente, se abrirían los caminos para recuperar la paz social y se restablecerían las actividades cotidianas de la población.Sin embargo, a exactamente un mes de haber iniciado las operaciones militares en la zona, el presidente municipal y su asesor fueron asesinados.Ante los hechos ocurridos el jueves, la Secretaría de Seguridad y Protección Ciudadana (SSPC) anunció su colaboración con el gobierno y la Fiscalía de Michoacán en las investigaciones que conduzcan al esclarecimiento del crimen.","Title":"Aguililla, Michoacán: Hallan muerto a René Cervantes, asesor de alcalde asesinado","PublishedDate":1647023835,"Keywords":[]}