{"Id":"19533","Author":"Samuel García","Content":"Chihuahua, Chih.- Al menos 50 ejemplares de la especie ganso nevado fueron hallados sin vida en un campo menonita del municipio de Cuauhtémoc, a pocos kilómetros del poblado de Rubio, donde en febrero pasado varias decenas de pájaros murieron tras perder el control de su vuelo e impactarse contra el pavimento.Las aves fueron encontradas la madrugada del pasado lunes en una parcela del campo 114-A, de la colonia menonita Swift Current, pero fue hasta esta tarde que el hecho fue reportado a la policía del lugar.De acuerdo con el parte policiaco, los gansos no presentan heridas por proyectil de arma de fuego o indicios que indiquen que su muerte fue provocada.Autoridades del lugar rescataron 5 de los ejemplares, que el Ayuntamiento a través de su Departamento de Ecología puso a disposición de la Procuraduría Federal de Protección al Ambiente (Profepa) y del Instituto Nacional de Investigaciones Forestales, Agrícolas y Pecuarias (Inifap).Cada invierno el ganso nevado emigra a México desde Canadá para pasar la temporada en algunas regiones del occidente del país, particularmente en la zona sur del estado de Jalisco.El pasado 7 de febrero en Rubio, una parvada de pájaros de la especie tordo de pecho amarillo, fue grabada por una cámara de seguridad justo al momento en que se impacta contra el pavimento y varias decenas de ejemplares murieron de forma instantánea.Jorge Contreras, especialista en materia ambiental, excolaborador de las asociaciones Pronatura y American Bird Conservancy, relacionó el inusual comportamiento en el vuelo de las aves, con un evento electromagnético vinculado con torres de radiocomunicación situadas en el área.","Title":"Ahora encuentran muertos 50 gansos en campo menonita de Chihuahua","PublishedDate":1647394335,"Keywords":[]}