{"Id":"20222","Author":"Bloomberg / Gerry Smith","Content":"Alrededor de 15.4 millones de personas vieron una ceremonia de los Premios Oscar llena de drama, un aumento con respecto al año pasado y un impulso para una entrega cuya audiencia ha estado en fuerte declive.Las cifras preliminares fueron publicadas por ABC Network de Walt Disney, que transmitió el programa, y podrían cambiar el martes cuando se publiquen los resultados finales. Las cifras representan una mejora de 56 por ciento con respecto al año anterior, cuando una versión más austera del evento atrajo a unos 10 millones de espectadores.La transmisión del domingo por la noche quizás sea mejor recordada por la cachetada en vivo del actor Will Smith al comediante Chris Rock minutos antes de ganar el Oscar al mejor actor. El incidente eclipsó un hito en la historia de Hollywood: el que CODA, un filme cuyo lanzamiento fue mayoritariamente hecho a través de un servicio de streaming (Apple TV+) ganó el Oscar a Mejor Película, la primera vez que esto ocurre.El récord de 55.2 millones de espectadores lo sigue manteniendo la transmisión de 1998, cuando el éxito de taquilla Titanic fue el gran triunfador.La Academia de Artes y Ciencias Cinematográficas, que gestiona la premiación, entregó ocho trofeos antes del evento principal en un intento por acortar la ceremonia en vivo. No obstante, la ceremonia se extendió por más de tres horas. Otros intentos por llegar a una audiencia más amplia incluyeron más presentadores del mundo de los deportes y la música..embed-container { position: relative; padding-bottom: 56.25%; height: 0; overflow: hidden; max-width: 100%; } .embed-container iframe, .embed-container object, .embed-container embed { position: absolute; top: 0; left: 0; width: 100%; height: 100%; }","Title":"Una noticia ‘más amable’ de los Oscar: audiencia sube 56% en 2022","PublishedDate":1648495541,"Keywords":["encuesta claudia vs xochitl","voto 2024 encuestar","noticia de presupuesto","salarios nominal","pago días festivos","galvez encuestar"]}