{"Id":"219151","Author":"Víctor Chávez","Content":"El presidente de la Comisión Nacional de Derechos Humanos (CNDH), Luis Raúl González Pérez, advirtió que la propuesta de ley de amnistía del presidente electo, Andrés Manuel López Obrador, no debe inducir a la impunidad y debe escucharse a las víctimas para garantizarles justicia.\"Cualquier política que se implemente debe tener como atención las víctimas de delitos, de violaciones a derechos humanos, lo que han enfrentado; se tiene que tomar su parecer; se tiene que escucharles\", opinó.\"Las víctimas lo que están reclamando es conocer la realidad, qué aconteció, y desde luego acceso a la justicia; y que cualquier expresión de perdón que ellas pudieran otorgar, lo han dicho muy claro, no debe de traducirse en impunidad. O sea, el perdón no tiene que ser un significado de impunidad\", dijo.Entrevistado en el Senado de la República, el ombudsman nacional remarcó que \"cada víctima tendrá que expresar su sentir y cualquier proceso de transición de justicia transicional debe ser de manera integral; una parte tiene que ver con este acceso de las víctimas a la justicia, el derecho a la verdad; eso es impostergable\".Explicó que \"se debe tener claro que se debe buscar la compatibilización entre el derecho de las víctimas a la verdad y ese acceso a la justicia, y la rendición de cuentas por parte de quienes cometieron estas conductas\".Cuestionado también acerca de la resolución del Poder Judicial sobre el caso Tlatlaya –en el que un grupo de militares es acusado de ejecutar en esta comunidad a delincuentes detenidos y personas ya sometidas- González Pérez sintetizó que \"coincidimos con esa resolución del Juez\".\"Los procesos de tortura que el Estado de México siguió, por la tortura que sufrieron dos de las sobrevivientes, fortalecerían, precisamente, el proceso. ¿Por qué? Porque una de las estimaciones que hizo el Juez fue que eran contradictorias las declaraciones de las dos damas (testigos del crimen)\", ahondó y señaló que es importante que se conozca la existencia de tortura en ese caso. \"Entonces, ¿qué queremos? Que se conozca la verdad sobre el caso Tlatlaya y que se fortalezca el proceso\", insistió.-¿Y tendrían que sancionarse a los funcionarios que actuaron indebidamente?\n-Desde luego, ahí está la recomendación de la CNDH de que se investigue administrativa y penalmente a quienes hubiesen incurrido en estas circunstancias de violación a derechos humanos, en contra de las personas que ahí fallecieron.-¿También a quienes alteraron la escena de los hechos?\n-Ahí está, desde luego, a todos los que tuvieron intervención, donde la CNDH determinó que había 12 personas que habrían sido ejecutadas y tres estaba en duda; tendría que fortalecerse la investigación y también a quienes manipularon la escena del crimen.","Title":"Propuesta de amnistía no debe inducir a la impunidad: CNDH","PublishedDate":1534298586,"Keywords":["lourdes mrndoza","retrato","forense","fernando gomez mont","alvarez morphy","huachicol fiscal"]}