{"Id":"243774","Author":"","Content":"MADRID.- El banquero español Miguel Blesa, condenado a seis años de cárcel por una red de corrupción que creó al frente de Caja Madrid, fue hallado muerto de un disparo en el pecho en el sur de España, anunció la Guardia Civil.Blesa, de 69 años, \"ha aparecido en una finca en Villanueva del Rey, un pueblo de Córdoba, junto a un coche con una herida de arma de fuego en el pecho\", indicó una portavoz de la Guardia Civil sin especificar el origen del disparo, que se está investigando.La Guardia Civil recibió el aviso del hallazgo del cuerpo a las 08:00 horas locales, agregó la portavoz.Según varios medios de prensa podría tratarse de un suicidio o de un accidente.Según el diario El País, poco antes de que se descubriera el cuerpo el banquero estaba desayunando con unos amigos en la finca de caza y se levantó de la mesa \"alegando que iba a mover el coche\".Blesa había sido condenado en febrero a seis años de cárcel por el caso de las \"tarjetas black\", en el que se desviaron de las entidades Caja Madrid y Bankia 12 millones de euros entre 2003 y 2012, mediante el uso de dichas tarjetas bancarias.Blesa, muy cercano al gobernante Partido Popular, fue señalado como el creador del sistema corrupto cuando estuvo al frente de Caja Madrid, que presidió entre 1996 y 2009. Su condena fue por desviar más de 436 mil euros.Por ese caso, por el que fueron acusados en total 65 personas, fue condenado también el exdirector gerente del FMI y exministro de Economía, Rodrigo Rato, a cuatro años y medio de cárcel.Blesa se encontraba en libertad en espera de que la sentencia, que recurrió ante el Tribunal Supremo, quedara firme.El banquero se convirtió en 2013 en el primer gran banquero encarcelado tras la debacle financiera en España por el estallido de la burbuja inmobiliaria en 2008, por malversación en la gestión de Caja Madrid, pero pocos días después salió libre tras anularse el proceso judicial.\n\n\n","Title":"Hallan muerto a banquero español Miguel Blesa, condenado por corrupción","PublishedDate":1500487740,"Keywords":[]}