{"Id":"26286","Author":"AP","Content":"La tenista china Peng Shuai dijo a un periódico de Singapur que ella nunca escribió sobre ser víctima de agresión sexual, a pesar de la publicación en redes sociales que se le atribuyó en noviembre pasado, en la que acusó a un exalto funcionario del Partido Comunista de obligarla a tener relaciones sexuales.El diario Lianhe Zaobao publicó un video de Peng que asegura se grabó el domingo en Shanghái, en el que dice que se ha estado quedando la mayor parte del tiempo en su casa en Beijing, pero que era libre de ir y venir a su gusto.“Primero que nada, quiero poner énfasis en algo que es muy importante. Nunca he dicho que escribí que alguien me agredió sexualmente. Tengo que enfatizar este punto de forma muy clara”, dijo Peng a un reportero del periódico.El reportero no preguntó cómo o por qué apareció la publicación larga y detallada el 2 de noviembre o si la cuenta de Peng había sido hackeada.El periódico dijo que entrevistó a Peng en un evento de promoción de los Juegos Olímpicos de Invierno de Beijing, que iniciarán el 4 de febrero. Fue grabada en las instalaciones de una base de observación de una competencia de esquí de estilo libre, a la que asistió junto con Yao Ming, ex estrella de la NBA y otras figuras del deporte chino.Peng salió de la vista pública después de que la acusación en contra del ex viceprimer ministro Zhang Gaoli apareciera brevemente en su cuenta verificada de la red social Weibo, antes de que la publicación se eliminara rápidamente. Capturas de pantalla de la publicación fueron divulgadas en internet, generando una preocupación generalizada por la seguridad de Peng entre políticos, sus compañeros tenistas y la WTA, que anunció la cancelación de todos los eventos en China de forma indefinida.Después de la publicación, la tres veces olímpica y excampeona de Wimbledon apareció a un costado de una cancha de tenis en Pekín, saludando y firmando pelotas gigantes de tenis para niños. La televisión estatal china divulgó una declaración en inglés en la que Peng se retracta de su acusación en contra de Zhang.El director de la WTA, Steve Simon, cuestionó la veracidad de la declaración vía correo electrónico, mientras otros dicen que únicamente aumentó su preocupación por la seguridad de Peng. En la entrevista al diario Lianhe Zaobao, Peng dijo que escribió su declaración en chino y que después fue traducida a inglés, pero que no había diferencias significativas en las dos versiones.","Title":"Peng Shuai afirma en entrevista que nunca escribió haber sido agredida","PublishedDate":1640015559,"Keywords":[]}