{"Id":"278842","Author":"Víctor Chávez","Content":"El grupo parlamentario del PRD en la Cámara de Diputados acusó que la salida de la senadora Leonor Noyola del partido, es una muestra más de que los \"chapulines\" perredistas \"sólo buscan la pestilente cobija de impunidad en Morena\".En un pronunciamiento público, que dio a conocer la diputada potosina Guadalupe Almaguer Pardo, la bancada de diputados perredistas expuso que \"la salida de la senadora Noyola y otros, responde a una estrategia de Morena para dar la percepción de reacciones contrarias al PRD, en las elecciones de este domingo 2 de junio y también en la búsqueda de impunidad\".Señaló que \"Leonor Noyola pertenece al grupo político de diputados federales que salieron del partido, en el que también se encuentran Ricardo Gallardo, Héctor Serrano y Mauricio Toledo, quienes tienen carpetas abiertas por delitos graves en la CDMX\".\"En el caso del senador Hugo Estefanía Monroy, hasta orden de aprensión tiene por ser acusado de traficar favores políticos e impunidad al cártel de Santa Rosa de Lima, que lidera el 'huachicoleo' en Salamanca\", subrayó.\"Unos se fugan al PVEM y otros buscan lastimosamente les abran las puertas de Morena. Eso de buscar impunidad y cambiar de partido político hace evidente la falta de ideas propias y sólo buscar en la política y el partido en el poder cobija de impunidad y sobrevivencia de negocios turbios ligados al crimen organizado\", acusó.","Title":"'Chapulines' perredistas buscan 'pestilente impunidad': diputados del PRD","PublishedDate":1559113639,"Keywords":["lourdes mrndoza","retrato","forense","fernando gomez mont","alvarez morphy","huachicol fiscal"]}