{"Id":"285474","Author":"AP","Content":"MANDAN.- La policía halló varios muertos en un negocio en un suburbio de Bismarck en Dakota del Norte, informaron autoridades este lunes.Los agentes acudieron al local la mañana de este lunes tras recibir un pedido de auxilio y \"hallaron a varias personas fallecidas adentro\", dijo el Departamento de Policía de Mandan en un escueto comunicado de tres frases.La ciudad, de unos 22 mil habitantes, está justo al otro lado del río Missouri, al oeste de Bismarck.La policía no especificó cuántos difuntos había y no respondió a mensajes pidiéndole detalles.El jefe policial del condado Morton Kyle Kirchmeier confirmó que el lugar es RJR Maintenance and Management, una empresa de administración de propiedades en torno a la cual habían varias patrullas policiales. El diario The Bismarck Tribune reportó que el local emitió un comunicado avisando que cerraría por el día.Nadie contestaba el teléfono en la empresa, que está algo aislada a pesar de estar en un distrito comercial cerca de una carretera. Frente al lugar hay un terreno baldío, detrás hay un campo de golf y al lado una cancha de fútbol.La Oficina de Investigaciones Penales del estado confirmó que está ayudando en la investigación.El portal de internet identifica a RJR como un negocio familiar de administración de propiedades que ha estado a cargo de propiedades comerciales y residenciales en Bismarck y en Mandan durante más de 20 años.Sus servicios incluyen la recolección de rentas para propietarios, el pago de hipotecas, alquileres secundarios, mantenimiento de edificios y jardines, y remoción de nieve. También renta bodegas.Su página web incluye la pestaña \"Conoce a nuestro equipo\", en donde aparecen fotografiados 22 empleados.","Title":"Hallan varios muertos en negocio en Dakota del Norte","PublishedDate":1554150640,"Keywords":[]}