{"Id":"290488","Author":"Víctor Chávez","Content":"El secretario de la Comisión de Hacienda de la Cámara de Diputados, Antonio Ortega Martínez, del PRD, señaló que es una \"mala noticia\" la renuncia de Gaspar Franco a la presidencia de la Comisión Nacional de Hidrocarburos.Lamentó su salida \"apenas unos meses de haber asumido el cargo\" y señaló que \"con él, ya son tres integrantes los que dimiten en lo que va del actual gobierno\".Consideró que este hecho \"solo puede atribuirse a presiones de la titular de Energía, Rocío Nahle y al propio jefe del Ejecutivo, Andrés Manuel López Obrador\".\"En apenas tres meses, tres miembros de esta Comisión -Juan Carlos Zepeda (expresidente), Héctor Acosta, y ahora Gaspar Franco- se han separado del cargo y no hay manera de dejar de pensar que han sido las presiones, particularmente de la secretaria de Energía, Rocío Nahle\", acusó.Opinó que la funcionaria \"ha mostrado una incomodidad en las responsabilidades y actuación de la Comisión Nacional de Hidrocarburos, y quiere resolver anulando a las comisiones autónomas; pero al no poder hacerlo, recurren a las renuncias\" de sus integrantes.\"Habría que ligarlo también a la intentona que hubo para modificar la Ley de Pemex, a través de la cual, el gobierno de López Obrador pretendía anular facultades al Consejo de Administración en la toma de decisiones estratégicas, la desaparición de los comités fundamentales de adquisiciones, inversiones y remuneraciones\", comentó el perredista.\"Esto no es más que una advertencia del intento de López Obrador y de la secretaria Nahle de apropiarse de las decisiones, anulando al Consejo de Administración de Pemex, a la Comisión Reguladora y dejando en manos del Ejecutivo las principales decisiones\", insistió.Lo anterior -advirtió- \"pone en duda el funcionamiento corporativo de una empresa de este tamaño, sujeta a las mejores prácticas internacionales que son contrapesos y equilibrios: su Consejo de administración y su órgano regulador\".El legislador federal sostuvo que \"el siguiente paso será que, en breve, el Gobierno presentará ante el Senado las propuestas de sustitutos con gente carente del perfil, cercana a Rocío Nahle y al presidente, para sólo recibir sus órdenes, aunque ello signifique poner en riesgo la viabilidad financiera y productiva de la empresa productiva del Estado\".\"Estas renuncias son graves por lo que significan\", remarcó.","Title":"'Mala noticia', renuncia de  Gaspar Franco a la CNH: PRD","PublishedDate":1551253794,"Keywords":["encuesta claudia vs xochitl","voto 2024 encuestar","noticia de presupuesto","salarios nominal","pago días festivos","galvez encuestar"]}