{"Id":"293243","Author":"Notimex","Content":"CIUDAD DE MÉXICO.-  El hombre que fue agredido por presunta violación en San Francisco Tlalnepantla en Xochimilco falleció en el trayecto al Ministerio Público a causa de los golpes, informó el secretario de Seguridad Ciudadana, Jesús Orta Martínez.Explicó que a las 21:30 horas del jueves se notificó una emergencia a través del 911 por una persona retenida en la calle Capulines, carretera San Francisco por lo que una patrulla y una camioneta de la SSC arribaron al lugar donde pobladores golpeaban al hombre por presunto abuso a una menor.Expuso que en principio se encontraban 25 personas, sin embargo y de manera paulatina aumentó la cifra hasta llegar a 500, lo que impidió la pronta salida de la camioneta con el sujeto.\"Comenzaron a agredir y a vandalizar a la patrulla, la policía pide refuerzos que llegan de cinco sectores cercanos de Tlalpan y Milpa Alta, así como personal de agrupamientos, también despegamos un cóndor que se utilizó para poderle dar iluminación a lugar ya que estaba oscuro\", detalló.En conferencia de prensa conjunta con la jefa de Gobierno, Claudia Sheinbaum Pardo, Orta Martínez dijo que después de dos horas, la patrulla logró salir con el individuo, sin embargo y a causa de los golpes, falleció en el trayecto.Agregó que ningún poblador fue agredido, pero sí 23 policías, de los cuales 14 están hospitalizados por fracturas y golpes; ninguno se encuentra grave.A su vez, Sheinbaum Pardo dijo que se trata de hechos \"lamentables e inaceptables\" y que hasta ahora no hay una denuncia formal por violación contra el sujeto fallecido.En su oportunidad, la procuradora general de Justicia de la Ciudad de México, Ernestina Godoy Ramos, informó que ya se investigan los hechos, pues hasta el momento no se cuenta con la identidad de la persona linchada y que nadie ha reclamado su cuerpo.Asimismo, dijo que se investigará sobre los hechos ocurridos anoche con ayuda de cámaras.Indicó que el próximo martes ofrecerá una conferencia de prensa para dar a conocer los avances de las investigaciones sobre las agresiones en el Metro, y adelantó que hasta ahora existen 38 carpetas de investigación; 22 por secuestro y 16 por acoso.","Title":"Fallece hombre agredido por habitantes de Xochimilco","PublishedDate":1549669425,"Keywords":[]}