{"Id":"296389","Author":"AP","Content":"El cuerpo de un bebé recién nacido fue hallado en el baño de mujeres de un almacén de distribución de Amazon, informó este jueves la policía de Phoenix. No se reveló el género del bebé.La persona que halló el bebé el miércoles por la noche dio el aviso y los bomberos confirmaron que estaba muerto, dijo el sargento Vince Lewis, quien añadió que se investiga la causa de muerte.Amazon dijo en un comunicado que colabora con la investigación policial de este incidente \"terriblemente triste y trágico\".El enorme centro de distribución es una de varias instalaciones de Amazon en la zona metropolitana de Phoenix.","Title":"Hallan bebé muerto en almacén de Amazon en Phoenix","PublishedDate":1547769771,"Keywords":[]}