{"Id":"311686","Author":"Redacción","Content":"Alexandra Zapata, directora de Educación del Insituto Mexicano para la Competitividad (IMCO), aseguró que tenemos una señal muy fuerte del estado de impunidad que tenemos en el país.\"Antes del efecto que pudiera tener la libertad de Elba Esther en el sector educativo, lo que tenemos es una una señal muy fuerte en línea con el estado de impunidad que vivimos en nuestro país. La ley se aplica de manera disfuncional\", aseguró Zapata en entrevista para el programa Bitácora Política.También afirmó que es muy \"dramático el legado de procuración de justicia que deja la actual administración\", y destacó la importancia de la construcción de una fiscalía independiente que sea capaz de resolver estos casos.\"Tenemos una PGR que es un órgano político más que de procuración de justicia, incapaz de construir un caso y una investigación seria que pueda sustentar las acusaciones para el caso de Elba Esther pero también para otros casos, por lo que desde el IMCO lo tomamos como un ejemplo del porqué  la importancia de una nueva fiscalía autónoma\", finalizó la directora del IMCO.","Title":"Caso Elba Esther, una señal del estado de impunidad en el país: IMCO","PublishedDate":1533880833,"Keywords":["lourdes mrndoza","retrato","forense","fernando gomez mont","alvarez morphy","huachicol fiscal"]}