{"Id":"313511","Author":"Reuters","Content":"La cofundadora del grupo de protesta feminista ucraniano Femen, Oksana Shachko, fue hallada muerta en su departamento en París, informó la organización este martes.\"QEPD. La más valiente y vulnerable Oksana Shachko nos ha dejado. Lloramos junto a sus parientes y amigos y esperamos la versión oficial de la policía. Por el momento se sabe, que ayer, 23 de julio, se encontró el cuerpo de Oksana en su departamento en París \", dio a conocer Femen en su blog oficial.Desde su fundación en Kiev en 2008, el movimiento Femen ha ganado notoriedad en Europa por sus protestas, generalmente en topless, contra el turismo sexual, la homofobia y las instituciones religiosas.","Title":"Cofundadora de Femen es hallada muerta en París","PublishedDate":1532463999,"Keywords":[]}