{"Id":"325317","Author":"","Content":"La petrolera estatal mexicana Pemex dijo este miércoles que uno de sus trabajadores fue hallado muerto este martes dentro de las instalaciones de su refinería en la ciudad de Salamanca, en el estado central de Guanajuato.Pemex dijo en un comunicado que el trabajador fue hallado en las vías del tren cuando se acomodaban carros tanque vacíos para la carga de combustóleo.La petrolera dijo que las autoridades del ministerio público \"realizan las investigaciones pertinentes con objeto de determinar la causa que originó este percance y esclarecer los hechos\".Salamanca  es la quinta mayor refinería de las seis que tiene Pemex y tiene una capacidad de procesamiento de 220 mil barriles por día (bpd).","Title":"Hallan muerto a trabajador de Pemex en refinería de Salamanca","PublishedDate":1513237260,"Keywords":[]}