{"Id":"349599","Author":"Redacción","Content":"La precandidata de Morena a la gubernatura de Querétaro, Celia Maya García, señaló que la corrupción política ha generado especulación en el territorio nacional, lo que se traduce en temas como la deforestación, la privatización del agua, las energías renovables, la ecología, la seguridad y empleo.\"La situación actual en Querétaro es muy parecida a lo que sucede en el resto del país: diferencias muy marcadas entre un sector y el resto de la población\", agregó la exministra queretana, \"aparejada a estas diferencias, ha venido como rémora la crisis de bienestar social que se incrementó en nuestro estado por la situación de contingencia, por la pandemia y la falta de empleo\".En el mismo sentido político que el actual presidente mexicano, Andrés Manuel López Obrador, el discurso de Maya García se enfocó en \"desterrar la corrupción y la impunidad que ha imperado en el Estado\", tras entregar su registro en la sede del Consejo Ejecutivo Estatal.Esto fue presentado durante el arranque de la precampaña dirigida a los militantes y simpatizantes del partido de quienes busca un acercamiento \"para maximizar la empatía y confianza\".La también docente universitaria fue acompañada por Jesús Méndez Aguilar, secretario general en funciones de presidente, Beatriz Robles Gutiérrez, diputada federal de Querétaro y algunos consejeros del partido.\"Estoy confiada que vamos a hacer posible la Cuarta Transformación en Querétaro; hace mucho tiempo que no existía un entusiasmo como el que se está viviendo en la actualidad ante la inminencia de un cambio en la forma de gobernar\", dijo la política.Este jueves por la tarde, Maya García escribió desde su cuenta personal de Twitter: \"Estoy confiada en que lograremos establecer el gran cambio de la 4T en Querétaro. #EsMomentoDeJusticia\".Por su parte, Jesús Méndez Aguilar, señaló que en estas elecciones el tema de género y la inercia del partido serán fundamentales para ganar, ya que Querétaro tiene la oportunidad de tener una gobernadora.En tanto, el dirigente nacional de Morena, Mario Delgado, señaló la importancia de afianzar las precandidaturas de sus militantes, de cara al próximo 6 de junio de este año.\"La Cuarta Transformación seguirá avanzando de la mano del pueblo de México. Y como un solo equipo, este 2021 extirpemos por completo al PRIAN y su tóxica alianza que por años ha saqueado al país\", declaró el presidente del partido este miércoles.","Title":"La corrupción genera impunidad y hay que desterrarla: Celia Maya, precandidata de Morena a Querétaro","PublishedDate":1611308720,"Keywords":["lourdes mrndoza","retrato","forense","fernando gomez mont","alvarez morphy","huachicol fiscal"]}