{"Id":"351805","Author":"Redacción","Content":"La Organización Mundial de la Salud (OMS) informó este sábado que el coronavirus no será la última pandemia que enfrente el mundo.\"La historia nos muestra que no será la última pandemia\", afirmó el director general de la OMS, Tedros Adhanom Ghebreyesus, en un video por la conmemoración del primer Día Internacional de la Preparación ante las Epidemias este domingo.\"Gastamos dinero cuando estalla la crisis, pero cuando se acaba, nos olvidamos y no hacemos nada para prevenir la siguiente. Es el peligro de los comportamientos a corto plazo\", abundó al respecto.Aunque destacó que el mundo sacó buenas lecciones de la pandemia de COVID-19\"Durante mucho tiempo, el mundo actuó en medio de un ciclo de pánico y negación\", indicó.Aunque aseguró que los avances sanitarios resultarán insuficientes si no hay cambios respecto al cambio climático y la relación entre humanos y animales.\"La pandemia reveló los estrechos vínculos entre la salud de las personas, los animales y el planeta\", añadió.\"Todos los esfuerzos para mejorar los sistemas sanitarios resultarán insuficientes si no van acompañados de una crítica de la relación entre los seres humanos y los animales, así como de la amenaza existencial que representa el cambio climático, que está convirtiendo la Tierra en un lugar más difícil para vivir\", explicó.Detalló que el Primer Informe Anual sobre Preparación Mundial de Emergencias Sanitarias, publicado en septiembre de 2019, ya alertaba de la poca preparación ante grandes pandemias, meses antes de que empezara el COVID-19.Los casos confirmados en el mundo son 80 millones 280 mil 870, de acuerdo con la Universidad Johns Hopkins.","Title":"La OMS te tiene una mala noticia: el COVID-19 no será la última pandemia","PublishedDate":1609056402,"Keywords":["encuesta claudia vs xochitl","voto 2024 encuestar","noticia de presupuesto","salarios nominal","pago días festivos","galvez encuestar"]}