{"Id":"353023","Author":"Angélica Ferrer","Content":"No tiene sustento la noticia de que tres perros en el Valle de México (dos en Ciudad de México y uno en Estado de México) dieran positivo a COVID-19, aseguró este viernes la secretaria de Salud capitalina, Oliva López.\"No tiene base esa noticia que circuló. Para esa esta identificación se necesita también hacer una prueba de PCR para poder identificar si hay una situación así en animales domésticos. Se tiene que investigar mucho más\", puntualizó.El jueves, autoridades especiales del Servicio Nacional de Sanidad, Inocuidad y Calidad Agroalimentaria recibieron 19 notificaciones sospechosas, de las cuales tres resultaron positivas a SARS-COV-2.\"La mayor parte (se dio) en perros, algunos gatos, e inclusive hasta un tigre de bengala en un zoológico, hemos detectado por la prueba PCR tres casos positivos\", dijo en entrevista con Milenio Roberto Navarro López, director de la Comisión de México-EU para la Prevención de la Fiebre Aftosa y otras Enfermedades Exóticas de los Animales del Servicio Nacional de Sanidad, Inocuidad y Calidad Agroalimentaria (Senasica).El médico veterinario remarcó que \"la gente debe tener muy claro que los animales son víctimas de las personas enfermas\", y que estas deben de tener cuidado en el manejo del virus, \"si estoy enfermo de COVID debo aislar a los animales \".","Title":"No tiene sustento noticia de perros con COVID-19 en Valle de México; falta investigar más: Oliva López","PublishedDate":1607730158,"Keywords":["encuesta claudia vs xochitl","voto 2024 encuestar","noticia de presupuesto","salarios nominal","pago días festivos","galvez encuestar"]}