{"Id":"354601","Author":"Diego Caso","Content":"Los asesinatos contra periodistas en el actual Gobierno todavía están marcados por la impunidad, admitió este miércoles Alejandro Encinas, subsecretario de Gobernación. \"No avanzan los procesos judiciales y hay un porcentaje alto de impunidad, solo 5 por ciento de los 38 homicidios tienen sentencia\", comentó.El funcionario señaló que dos de esos homicidios fueron cometidos en diciembre de 2018, 17 en 2019, y 19 en lo que va de 2020, el año donde se ha registrado la cifra más alta de esta agresión.Encina agregó que se ha promovido un trabajo de mejor coordinación con las fiscalías estatales para el avance de las investigaciones.\"Sin embargo, la mayor parte de los homicidios en años anteriores prácticamente está en la impunidad.De acuerdo con las cifras presentadas por el Gobierno, entre 2010 y 2020 se han cometido 138 asesinatos contra periodistas.","Title":"Existe una gran impunidad en homicidios contra periodistas, reconoce Encinas","PublishedDate":1606332532,"Keywords":["lourdes mrndoza","retrato","forense","fernando gomez mont","alvarez morphy","huachicol fiscal"]}