{"Id":"363768","Author":"Juan Carlos Huerta / Corresponsal","Content":"Guadalajara.- El empleado del albergue 'Cien Corazones', quien fue captado en un video agrediendo a un niño, fue remitido al complejo carcelario de Puente Grande Jalisco, donde se le imputaron los delitos de maltrato infantil, abuso de autoridad y responsabilidad profesional y técnica.José Manuel 'N' se abstuvo de declarar en torno a los hechos de los que se le acusa, y se acogió al término constitucional de 144 horas para resolver su situación jurídica, por lo que una vez vencido el termino se le someterá a una audiencia de vinculación a proceso.El empleado del Centro de Atención infantil fue detenido el pasado 13 de agosto mediante una orden de aprehensión, concedida por el juez de Control y Oralidad.Sin embargo, las investigaciones en torno a esta agresión al interior del albergue continúan por parte de la Unidad de Investigación de Delitos Cometidos en Agravio de Niñas Niños y Adolescentes.Derivado de la difusión del video en el cual el cuidador del albergue y otro empleado agreden a un niño de once años de edad, el Sistema para el Desarrollo Integral de la Familia (DIF) Jalisco destituyó a Miriam\n Alejandra Vázquez Casillas, quien fungía como titular del albergue que atiende a niños institucionalizados que presentan discapacidad intelectual. Al momento, otros empleados del centro de atención se encuentran separados de sus cargos, y readscritos a otras actividades, ajenas al contacto con los niños.","Title":"Empleado de albergue 'Cien Corazones', señalado por agredir a un menor, es enviado a Puente Grande","PublishedDate":1597543542,"Keywords":[]}