{"Id":"369497","Author":"Redacción","Content":"El presidente Andrés Manuel López Obrador habló la tarde de este lunes con el Primer Ministro de Canadá, Justin Trudeau, sobre los mexicanos contagiados de COVID-19 en ese país y sobre el Tratado entre México, Estados Unidos y Canadá (T-MEC), que entrará en vigor el próximo 1 de julio; asimismo, el Presidente adelantó que esta semana dará una buena noticia a los mexicanos.En un video publicado en su cuenta de Twitter, el mandatario mexicano dijo que habló por teléfono con el Primer Ministro durante más de media hora. Durante el diálogo, precisó, Trudeau le dio el pésame por la muerte de dos mexicanos con coronavirus en Canadá y le notificó que poco más de 300 mexicanos que viven en ese país han sido infectados.López Obrador dijo que también hablaron del T-MEC. \n\"Son muy buenas las relaciones con Canadá, es de las mejores relaciones que tenemos en términos de amistad, comerciales, económicas\", comentó el Presidente. Refirió, asimismo, que el Primer Ministro canadiense se mostró \"muy gentil, muy agradable, muy respetuoso\".El mandatario mexicano también anunció que esta semana dará una buena noticia a los mexicanos: \"Vamos a dar una muy buena noticia al pueblo de México, no por nosotros sino por la fama y la gloria de México y de su pueblo en el mundo, por el respeto que le tienen a los mexicanos en todo el mundo, sobre todo porque va a ser un reconocimiento a la política exterior de México, a la tradición de buena política exterior de nuestro país. De eso ya se van a enterar esta semana. Queda en suspenso. Continuará\".Por su parte, el secretario de Relaciones Exteriores, quien aparece el el video junto al mandatario mexicano aseguró que \"podemos estar optimistas en que esta relación sea así, sea cercana para México\".López Obrador y Ebrard se encuentran de gira en Perote, Veracruz.Conversamos vía telefónica con el primer ministro de Canadá, Justin Trudeau. pic.twitter.com/moDASOwKo0— Andrés Manuel (@lopezobrador_) June 15, 2020\n\n","Title":"AMLO dialoga con Trudeau sobre COVID-19 y el T-MEC y adelanta que esta semana dará una buena noticia","PublishedDate":1592278782,"Keywords":["encuesta claudia vs xochitl","voto 2024 encuestar","noticia de presupuesto","salarios nominal","pago días festivos","galvez encuestar"]}