{"Id":"369792","Author":"Ángeles Mariscal / corresponsal","Content":"CHIAPAS.- Pobladores del municipio Villa de las Rosas agredieron la madrugada de este jueves a personal médico vandalizaron el hospital básico comunitario y las instalaciones del ayuntamiento, en protesta de que personal de la Secretaría de Salud pretendía fumigar la localidad, como parte de la campaña para combatir el dengue.En las comunidades de Chiapas se continúa difundiendo en redes sociales mensajes donde acusan al gobierno de lanzar veneno y desacreditar la existencia del COVID-19.Hasta el momento eso ha provocado actos violentos en contra de personal médico e instalaciones médicas de los ayuntamientos en Totolapa, Ocosingo, Simojovel, Venustiano Carranza, Chilón, Comitán, Villa de las Rosas, Las Margaritas y Motozintla.En Villa de las Rosas, de acuerdo al ayuntamiento, alrededor de las dos de la mañana de este jueves, grupos de personas realizaron destrozos y saqueos en el hospital básico comunitario, la presidencia municipal y dentro de un domicilio particular, a la par de quemaron una ambulancia de traslado, y agredieron al personal de salud que se encontraba en esos momentos en el hospital.Estas acciones se dieron porque el día anterior, personal de Salud intentó fumigar el municipio y evitar la propagación del mosco que transmite el virus del dengue, chincunguya y sika. Eso revivió la versión difundida en redes sociales de que el líquido que se utiliza es veneno y es esa la causa de las muertes por COVID-19.Ante las protestas, el ayuntamiento anunció alrededor de las 10 de la noche del miércoles que cancelaba las fumigaciones \"para evitar malos entendidos\". También informó que se iba a pedir una investigación para rastrear \"la información falsa que circula con el objetivo de desestabilizar\". Sin embargo, horas después se dieron las agresiones y actos de destrozo.El ayuntamiento informó que se procederá en contra de los autores intelectuales y materiales de estos actos, y advirtió sobre el uso de información falsa y dolosa para incitar a la población a cometer estas acciones.Ayer miércoles, en el municipio de Las Margaritas, pobladores también golpearon y secuestraron a un médico, presuntamente derivado de la molestia que causó la muerte de un anciano, diagnosticado con COVID-19.El médico fue amarrado en el domo de la plaza central de Las Margaritas. Horas después fue liberado.","Title":"Pobladores destrozan hospital y agreden a personal médico en Chiapas","PublishedDate":1591924938,"Keywords":[]}