{"Id":"37034","Author":"AP","Content":"La cifra de nuevos casos de coronavirus continuó con su tendencia a la baja en la última semana, con un total de 3.6 millones de contagios reportados en todo el mundo, desde los cuatro millones de la semana anterior, informó la Organización Mundial de la Salud (OMS).El descenso de la semana pasada fue el primero relevante en más de dos meses, con menos infecciones por COVID-19 en casi todas las regiones del mundo. En su última actualización sobre la pandemia, publicada el martes, la OMS dijo que hubo importantes descensos en dos regiones: Oriente Medio, con un 22 por ciento menos, y el sudeste asiático, 16 por ciento.La agencia de salud de Naciones Unidas apuntó que en este periodo hubo menos de 60 mil decesos, 7 por ciento menos que en la semana previa. Aunque en el sudeste asiático las muertes por coronavirus bajaron 30 por ciento, la región del Pacífico occidental registró un incremento del 7 por ciento, agregó. La mayoría de los casos de COVID-19 se dan en Estados Unidos, India, Gran Bretaña, Turquía y Filipinas añadió.Según la OMS, la variante Delta, que se propaga más rápido, se ha detectado ya en 185 naciones y está presente en todas las partes del mundo.La agencia revisó además su listado de “variantes de interés”, aquellas que cree que tienen potencial para provocar grandes brotes, y monitorea las Lambda y Mu, ambas surgidas en Latinoamérica aunque no han causado aún contagios generalizados.En reportes anteriores, la OMS indicó que en todos los países donde circula la variante Delta, se ha convertido en la predominante.","Title":"¡Buena noticia! OMS reporta que casos de COVID van a la baja en el mundo","PublishedDate":1632314367,"Keywords":["encuesta claudia vs xochitl","voto 2024 encuestar","noticia de presupuesto","salarios nominal","pago días festivos","galvez encuestar"]}