{"Id":"375596","Author":"Angélica Ferrer","Content":"El profesor e investigador de la Universidad Autónoma Metropolitana unidad Iztapalapa, Emilio Domínguez Salazar, fue hallado muerto, informó este jueves la institución educativa.En un breve comunicado publicado en su sitio web y en redes sociales, se dio a conocer el deceso. El catedrático estaba desaparecido desde el 30 de septiembre.🙏 Agradecemos la colaboración de la comunidad universitaria para localizar al doctor Emilio Domínguez Salazar, profesor del Área de Neurociencias de la Unidad Iztapalapa, desaparecido el 30 de septiembre #CasaAbiertaALaSolidaridad #SoyUAM pic.twitter.com/wIfdDEXx8e— UAM Iztapalapa (@UAM_Iztapalapa) October 1, 2019\n\n\"Con enorme pesar, la Universidad Autónoma Metropolitana informa que ha sido localizado sin vida el doctor Emilio Domínguez Salazar, profesor-investigador de la División de CBS de la Unidad Iztapalapa.\n La comunidad universitaria está de luto. Nuestro más sincero pésame a su familia y abrazos solidario\", señaló en el texto.La universidad solicitó a las autoridades esclarecer las causas del fallecimiento.\"Como institución estamos consternados y a la espera de que las autoridades esclarezcan las circunstancias en que se dio el deceso del doctor Domínguez Salazar\", detalló.A la opinión pública… pic.twitter.com/hscJOxED8L— Universidad Autónoma Metropolitana (@Yo_SoyUAM) October 3, 2019\n\nEn otro comunicado publicado posteriormente, mencionó que su cuerpo fue hallado en Huajuapan de León, Oaxaca.\"La Institución espera que las autoridades esclarezcan las circunstancias en que se dio el deceso del doctor Domínguez Salazar, de 49 años de edad, y cuyos restos fueron localizados en Huajuapan de León, Oaxaca\", indicó.Por la tarde, la Procuraduría General de Justicia de la Ciudad de México explicó que, a través de la Fiscalía Especializada en la Búsqueda, Localización e Investigación de Personas Desaparecidas (Fipede) y la  Procuraduría General de Justicia del Estado de Oaxaca (PGJEO), se localizó al catedrático quien, aparentemente, se suicidó.\"Al continuar con las investigaciones del caso, el personal de la PGJEO logró la localización del docente en un hotel de aquel municipio, donde al parecer se quitó la vida, toda vez que, de acuerdo con sus familiares, padecía de depresión. No obstante, la investigación continuará hasta el total esclarecimiento de los hechos y determinar lo que en derecho corresponda\", aseguró en un comunicado.","Title":"Hallan muerto a profesor de la UAM Iztapalapa que fue reportado como desaparecido","PublishedDate":1570133936,"Keywords":[]}