{"Id":"381874","Author":"EF Península","Content":"Tabasco y Yucatán son el quinto y séptimo estado respectivamente con mayores niveles de impunidad en el país, pues según \"Hallazgos 2018: Seguimiento y evaluación del sistema de justicia penal en México\", tienen un índice de impunidad del 99.4 y 99 por ciento cada uno.En el estudio del avance en la ejecución del Sistema de Justicia Penal Acusatorio en el país, hasta el año anterior, Tabasco se hallaba en el quinto lugar con 99.4 por ciento, mientras que Yucatán ocupaba el séptimo puesto con 99 por ciento.El índice \"permite\n medir el nivel de impunidad derivada de la inefectividad\n\" de las instituciones de procuración e impartición de justicia para la atención de los casos que\n conoce, sin considerar los delitos que no son denunciados, de acuerdo con el reporte de la organización México Evalúa.\"A mayor porcentaje se considera que hay una\n mayor impunidad, pues significa que el sistema\n no logró ofrecer una respuesta satisfactoria\n a un mayor número de los casos. El cálculo se\n refiere a la 'impunidad directa', entendida como la\n capacidad de responder de forma efectiva a los hechos delictivos que son conocidos y procesados por\n las autoridades, en comparación con la 'impunidad\n indirecta', que contempla la totalidad de delitos\n cometidos, incluso los que quedaron sin denunciar\n (cifra negra)\", detalla el reporte.La medición del Índice de Impunidad para 2018 de México Evalúa muestra que la media nacional es de 96.14 por ciento, siendo Tamaulipas el primer lugar con un 99.99 por ciento y Guanajuato el último con 87.6.Luego se encuentra Veracruz con 99.8 por ciento, seguido de Nuevo León con 99.6, Chiapas con 99.4, Tabasco con 99.4, Baja California Sur con 99.4, Yucatán con 99.0, Tlaxcala con 98.9, Jalisco con 98.8, Morelos con 98.1.En el undécimo lugar está Guerrero con 98.1, Colima con 97.9, Michoacán con 97.6, Quintana Roo con 97.6, México con 97.6.Entre las observaciones por los altos índices de impunidad, el estudio refiere que en los primeros seis lugares, que registraron efectividad menor a 1 por ciento, las autoridades hicieron un uso mínimo de las salidas alternas (sin juicio), anticipadas y sentencias respecto del total de casos delictivos conocidos.","Title":"Tabasco y Yucatán, entre los 10 estados con mayor impunidad en 2018","PublishedDate":1565275800,"Keywords":["lourdes mrndoza","retrato","forense","fernando gomez mont","alvarez morphy","huachicol fiscal"]}