{"Id":"396218","Author":"Bloomberg / Patricia Laya y Alex Vasquez","Content":"El líder de la oposición, Juan Guaidó, regresó a Venezuela este martes en medio de una escena caótica en el aeropuerto internacional de Caracas, donde los seguidores del presidente Nicolás Maduro se enfrentaron con los legisladores de la oposición.Cerca de las cinco de la tarde, Guaidó salió por una de las puertas del aeropuerto internacional Simón Bolívar de Maiquetía saludando con el brazo derecho mientras decenas de seguidores le aplaudían y, en contraste, los simpatizantes del gobierno le gritaban \"traidor\" y \"sucio\".Decenas de diputados suspendieron la sesión del día en la Asamblea Nacional para recibir a Guaidó, quien llegó de Portugal en un vuelo comercial de la aerolínea TAP. Aunque las fuerzas de seguridad bloquearan el paso de los vehículos, algunos caminaron por la autopista para llegar al aeropuerto.A la salida de la terminal aérea, una veintena de seguidores de Maduro se abalanzaron sobre el vehículo en el que iba Guaidó y comenzaron a golpearlo con las manos y un cono plástico.El dirigente abandonó el lugar a toda velocidad.Guaidó y su equipo pudieron salir del aeropuerto sin ser arrestados por violar una prohibición del gobierno para viajar. No es la primera vez que el líder de la oposición desafía la prohibición, el año pasado lo hizo sin sufrir repercusiones en su reingreso a Venezuela.Juan Pablo Guanipa, vicepresidente de la Asamblea Nacional, informó a través de su cuenta de Twitter que también fueron agredidos algunos periodistas que cubrían la llegada de Guaidó.\"Los grupos armados de la dictadura agredieron a más de una decena de periodistas y camarógrafos. Así actúa una dictadura que lo único que le queda es la violencia para sostenerse en el poder\", indicó.Guaidó inició el 19 de enero un viaje que incluyó visitas a Bogotá, Londres, París, Bruselas, Madrid, Ottawa, Miami y Washington para estrechar relaciones con algunos de los más 50 países que lo han reconocido como jefe de la Asamblea Nacional y presidente interino de Venezuela. Su última aparición ante los medios fue el 5 de febrero, cuando se reunió con Donald Trump en la Casa Blanca.Por la noche, el también jefe de la Asamblea Nacional afirmó que trajo \"el compromiso del mundo libre\" ante cientos de sus seguidores en una plaza del este de Caracas.\"Hoy más que nunca tenemos que hacernos sentir en todos los espacios\", indicó. \"No es momento de retroceder , es momento de avanzar¨.\n agregó.El apoyo de varios líderes internacionales a Guaidó es una bocanada de aire fresco para él en momentos que su figura se ha debilitado por la imposibilidad de materializar su promesa de poner fin al mandato de Nicolás Maduro.Este martes insistió en que los venezolanos deben mantenerse movilizados, pero no adelantó cuáles serán sus próximas acciones.Pese al espaldarazo internacional recibido, no está claro cómo se materializará el esfuerzo por separar del poder a Maduro, quien en 2013 se convirtió en el heredero político de Hugo Chávez, que al asumir el mando en 1999 se encaminó en hacer realidad su idea de convertir a Venezuela en un Estado socialista.Un fallido alzamiento militar contra Maduro que Guaidó encabezó en abril de 2019 tampoco logró minar el respaldo de los jefes militares al mandatario. Las fuerzas armadas han sido tradicionalmente los árbitros de las disputas políticas en Venezuela.Mientras que Maduro instó a sus seguidores a no perder tiempo. \"No nos dejemos distraer en estupideces, en bobolongos (que viven fuera de la realidad), en traidores de la patria\", como suele referirse sobre su rival. \"Concentremos nuestro esfuerzo en defender Venezuela\".El jefe de la oficialista Asamblea Nacional Constituyente, Diosdado Cabello, ha asegurado que \"no va a pasar nada\" cuando vuelva Guaidó, mientras Maduro y otros dirigentes han exigido abrir nuevos procesos contra él.Con información de AP.","Title":"Juan Guaidó es agredido tras aterrizar en Venezuela","PublishedDate":1581493749,"Keywords":[]}