{"Id":"408433","Author":"AP","Content":"SEÚL, Corea del Sur.- La estrella pop y actriz sudcoreana Sulli fue hallada muerta este lunes en su casa en el sur de Seúl, informó la policía.La artista de 25 años fue encontrada luego de que su mánager fue a su casa en Seongnam porque no había respondido llamadas telefónicas por horas, dijo Kim Seong-tae, un agente del Departamento de Policía de Seongnam Sujeong.Según el funcionario no había señales de crimen y la policía no encontró ninguna nota de suicidio.\"La investigación está en curso y no haremos conjeturas sobre la causa de muerte\", dijo Kim, agregando que el video de una cámara de seguridad en la casa de Sulli no mostró ninguna intrusión.En un comunicado enviado a la prensa, SM Entertainment, la agencia que representaba a Sulli, dijo que su deceso era \"muy difícil de creer y triste\".Sulli, cuyo verdadero nombre era Choi Jin-ri, comenzó a cantar en 2009 como parte de la banda de chicas \"f(x)\" y también actuó en numerosos dramas de televisión y películas.Era conocida como una voz feminista y franca, algo raro entre las artistas de la comunidad profundamente conservadora de Corea del Sur. Recientemente apareció en un programa de TV y se pronunció contra las críticas que ha recibido en internet debido a su estilo de vida.","Title":"Sulli, estrella de K-pop surcoreana, es hallada muerta en su casa","PublishedDate":1571106376,"Keywords":[]}