{"Id":"409384","Author":"EFE","Content":"Brenda Jazmín fue hallada sin vida en un motel en Cajeme, Sonora, luego de pasar más de tres años en busca de su hermano Luis Heraldo Beltrán Jaime, quien fue secuestrado y desaparecido. Ahora otras activistas buscadoras piden justicia para ella. Esta es su historia.La buscadora Brenda Jazmín, de 38 años, fue encontrada sin vida y con señas de tortura y golpes en la habitación de un motel en la comunidad de Providencia, en Cajeme.El cuerpo de la mujer, integrante de Guerreras Buscadoras de Cajeme, uno de los colectivos de búsqueda de personas desaparecidas más activos en Sonora, fue hallado el pasado fin de semana, en el lugar y las condiciones citadas, por lo que sus compañeras exigen se esclarezca el caso y se haga justicia.La activista tenía tres años y ocho meses buscando a su hermano Luis Heraldo Beltrán Jaime, quien fue secuestrado por hombres armados el 1 de diciembre del 2018 en la comunidad Bácum.El colectivo Guerreras Buscadoras de Cajeme exigió justicia el miércoles por el feminicidio de Brenda Jazmín. La Fiscalía General de Justicia en Sonora confirmó que el domingo pasado, las autoridades recibieron el llamado de auxilio en el número de emergencia 911 por el hallazgo de una víctima en el interior de un motel en la comunidad de Providencia. Por protocolo la institución inició la investigación como feminicidio.‘Ola’ de renuncias entre médicos de Durango tras el asesinato del pasante Erick Andrade RamírezSegún versiones, el personal del motel describió que alrededor de las 10:00 horas arribó al lugar una pareja en un vehículo color plata y dos horas después salió un individuo vestido con camisa blanca, pantalón negro y gorra gris, quién comentó al personal del lugar que iría a una tienda de autoservicio a realizar unas compras, pero que su pareja estaba en la habitación.Este jueves, la Fiscalía de Sonora descartó que el feminicidio de Brenda Jazmín esté relacionado con sus acciones de búsqueda.La #FiscalíaDeSonora descarta que el móvil del femincidio de Brenda Jazmín, quien fue privada de la vida en un motel de #CiudadObregón, esté relacionado con acciones de búsqueda realizadas por colectivos. 1/3 pic.twitter.com/AhkljkBNZN— Fiscalía de Sonora (@fgjesonora) July 21, 2022 Feminicidios y desapariciones de personasA este se agrega el caso de Aranza, otra mujer que fue asesinada con el tiro de gracia por buscar a su esposo, lo que dejó huérfano a un bebé. Ninguno de los crímenes ha sido esclarecido.Desde hace unos años y ante la crisis de desapariciones en el estado de Sonora y en México, cientos de mujeres se han organizaron en colectivos para buscar a personas desaparecidas, un trabajo que corresponde a la Fiscalía estatal y a la General de la República (FGR).Pero esas acciones han traído consigo diversos crímenes que involucran como víctimas a algunas de estas mujeres buscadoras, quienes no quieren condenas o saber quién se llevó a su familiar, sino encontrar el cuerpo sin vida para darle un sepulcro digno.México padece una ola de violencia feminicida que dejó mil 4 víctimas de feminicidios registrados en 2021 a nivel nacional, asesinatos tipificados por razones de género, un aumento de 2.66 por ciento más que en 2020.Al sumar los asesinatos clasificados como homicidios dolosos, en México matan a más de 10 mujeres al día, según las cifras oficiales.","Title":"Brenda Jazmín, la activista que buscaba a su hermano desaparecido y fue hallada muerta en Sonora","PublishedDate":1658431438,"Keywords":[]}