{"Id":"412732","Author":"Eulalio Victoria / Corresponsal","Content":"Agentes de la Fiscalía del Estado de México (FGJEM) cumplimentaron una orden de aprehensión en contra de Cecilia Flor “N”, quien es investigada por el feminicidio de su hija, de 12 años, ocurrido el pasado 20 de agosto en el municipio de Temoaya.De acuerdo con diligencias realizadas con perspectiva de género, se establece que el ilícito ocurrió en un inmueble ubicado en el Fraccionamiento Buenaventura, en donde la investigada habría agredido y herido con un objeto punzo-cortante a su hija, lo que le causó la muerte.“Por ello, el Ministerio Público de la Fiscalía Especializada de Feminicidio solicitó al Órgano Jurisdiccional librar orden de aprehensión en contra de la probable implicada”, detallaron las autoridades mexiquenses.La causa del feminicidio habría sido una herida en el cuelloLa presunta homicida fue aprehendida e ingresada al Centro Penitenciario y de Reinserción Social de Almoloya de Juárez donde quedó a disposición de la Autoridad Judicial, quien habrá de determinar su situación legal.“A la detenida se le debe considerar inocente hasta que sea dictada una sentencia condenatoria en su contra, la FGJEM continuará con la integración de esta investigación actuando con perspectiva de género y en estricto respeto a los derechos de la niñez”, señaló la fiscalía local.De acuerdo a autoridades, la causa de la muerte de la menor de 12 años fue hemorragia aguda por laceración de arteria carótida secundaria, ya que Cecilia Flor “N”, la habría agredido en el cuello con un objeto punzocortante penetrante.Feminicidios en México: Las fallas de los Ministerios Públicos que sellan la impunidad  La Fiscalía mexiquense hizo un llamado a la ciudadanía para que en caso de que reconozca a la investigada como probable partícipe de algún otro ilícito la denuncie a través del correo electrónico cerotolerancia@fiscaliaedomex.gob.mx, al número telefónico 800 7028770, o por medio de la aplicación FGJEdomexDespiden a Abigail Hay Urrutia; piden justicia por su muerteMientras en Temoaya, Estado de México, Cecilia Flor “N” es acusada de ser la presunta responsable de la muerte de su hija, delito que las autoridades mexiquenses investigan, en Oaxaca, la familia de Flor Abigail Hay Urrutia le llora y exige justicia por su feminicidio.La tarde de este miércoles 24 de agosto su cuerpo fue sepultado en el Panteón municipal de Salina Cruz, Oaxaca. Su familia había retrasado el sepelio debido a las dudas sobre cómo murió cuando se encontraba bajo custodia policial.Familiares y amigos despidieron a Abigail con el grito de ¡Justicia! y ¡castigo a los culpables! acompañaron el cortejo fúnebre.Abigail fue velada en una funeraria, en donde permaneció hasta este día, luego de que su padre, José Luis Hay, pidiera una tercera necropsia.","Title":"Fiscalía de Edomex detiene e investiga a Cecilia ‘N’, ligada al feminicidio de su hija","PublishedDate":1661469148,"Keywords":["feminicidios","monserrat juarez","feminicidio en mexico","monserrat","milagro","feminicidio edomex"]}