{"Id":"412873","Author":"Arturo Estrada","Content":"La Fiscalía de Michoacán informó que lleva a cabo actos de investigación con relación al homicidio del director de seguridad pública de Irimbo, Jorge Flores Ortega, y de un acompañante de éste, quienes fueron reportados como desaparecidos el pasado fin de semana.Aproximadamente a las 12:45 horas, personal de la institución acudió a la carretera Irimbo-Ciudad Hidalgo, en las inmediaciones de un canal ubicado a la altura de la colonia 6 de Junio de Irimbo.En ese lugar fueron encontrados los cuerpos del mando policial Jorge Flores y de una persona identificada como Javier R.Ambos  presentaban heridas producidas por proyectil de arma de fuego.La desaparición del director y su acompañante ocurrió el 21 de agosto y fue denunciada el día 23 ante la Fiscalía Especializada para la Investigación y Persecución de Delitos de Desaparición Forzada de Personas y Desaparición Cometida por Particulares, por lo que se activaron los mecanismos de búsqueda.Una vez que se realizaron las acciones respectivas en el lugar, los cuerpos fueron trasladado al Servicio Médico Forense, para que se practicara la necropsia de ley y continuar con las investigaciones que permitan el esclarecimiento de los hechos.Pueblos Unidos en Michoacán: Vinculan a proceso a 164 de los integrantes detenidosEsto sabemos de la detención de Yeishi Moriya, hija de alcalde morenista de Tacámbaro, MichoacánVarios medios norteamericanos han difundido la detención de Yeishi Moriya Villaseñor, hija de Artemio Moriya, alcalde morenista de Tacámbaro, Michoacán.Esto es lo que sabemos hasta el momento del caso:Moriya Villaseñor fue detenida en las aduanas de Laredo, Texas, donde le decomisaron 200 mil dólares no declarados y dos armas.Moriya Villaseñor llevaba consigo una pistola Colt 1911 calibre .45 y una Glock 9 milímetros.En cuanto al dinero, la mujer tenía atados los fajos de billetes a la cintura.La información sobre su arresto fue revelada por las oficinas del Sheriff del condado de Webb, en Texas, Estados Unidos.Yeishi fue enviada a la cárcel del Condado de Webb y se le impuso una fianza de 5 mil dólares.Moriya Villaseñor presuntamente fue a Dallas para recoger el dinero y debía llevarlo de regreso a Michoacán.Sin embargo, un video de la agencia Quadratín, de Michoacán, tomado del Instagram Yeishi, afirma que ella está bien y todo ha sido producto de una persecución política. La mujer menciona que el video lo grabó el jueves 25 de agosto.“…Todo lo que está pasando en redes sociales y que están compartiendo, publicando, es total mentira, es para desprestigiar a mi familia, para desprestigiarme a mí, son fines políticos, ya saben que por política son capaz de todo, sobre todo cuando se ven perdidos…”, explica la joven de 28 años en un video breve de apenas 29 segundos.La red social de Yeishi se encuentra como privada y por tanto ya no se puede ver la ´historia’ que habría grabado ayer por la tarde.En contraste, las autoridades norteamericanas afirman que el proceso contra la michoacana fue iniciado el unes 22 de agosto, por lavado de dinero.Se añadieron cargos por la posesión de armas e intento de ingresar de manera ilegal.","Title":"Hallan muerto a Jorge Flores Ortega, director de seguridad pública de Irimbo, Michoacán","PublishedDate":1661566230,"Keywords":[]}