{"Id":"417661","Author":"EISA MULTIMEDIOS","Content":"La gobernadora de Guerrero, Evelyn Salgado advirtió que los hechos violentos en San Miguel Totolapan que dejaron un saldo de 20 personas sin vida y dos más lesionadas, no quedarán impunes. Ante ello, se implementaron operativos especiales con elementos de la Sedena, Marina, Guardia Nacional, Policía Estatal y Fiscalía General del Estado, donde participan más de 200 elementos en la región de Tierra Caliente.“Envío mi solidaridad y respaldo a todas y todos los pobladores de San Miguel Totolapan, sepan ustedes y todo el pueblo guerrerense, que tienen un gobierno que no duda en tomar acciones precisas para recuperar la tranquilidad que desde hace varios años anhelamos y por la que nos dieron su confianza. Que quede claro, nuestro trabajo en materia de seguridad es prioritario y se realiza sin descanso, sin dar ni un paso atrás, y cada vez con mayor fuerza y respaldo de la federación y las fuerzas armadas”, puntualizó la mandataria estatal.Acompañada por el comandante de la Décima Segunda Región Naval, Julio César Pescina Ávila, además de representantes de la 35 zona Militar y de la Guardia Nacional, agregó que desde el momento en que se suscitaron los lamentables hechos, la tarde de ayer miércoles, ha mantenido comunicación permanente con la secretaria de Seguridad Pública y Protección Ciudadana Federal, Rosa Icela Rodríguez Vázquez, para fortalecer las acciones de seguridad en la zona mencionada, así como con los familiares de las víctimas y las autoridades municipales de la región.“Es importante mencionar que estos hechos son un claro reflejo de la descomposición social heredada, por lo cual, nuestras acciones están enfocadas en erradicar y atender desde la raíz las causas que generan la violencia. La estrategia de seguridad coordinada entre los tres órdenes de gobierno tiene el único y claro objetivo de procurar el bienestar de nuestro pueblo, atacar las causas que generan la violencia y avanzar de manera decidida en la pacificación de Guerrero”, indicó Evelyn Salgado en una transmisión en vivo.En su mensaje, la titular del Poder Ejecutivo de Guerrero, hizo un llamado responsable y respetuoso a las autoridades municipales, para redoblar esfuerzos y estrechar la perfecta coordinación, para respaldar y apoyar a las fuerzas del orden estatal y federal, así como al pueblo guerrerense, a denunciar los hechos delictivos, tener confianza en las instituciones y no permitir la obstrucción, agresión y retención de los elementos de las fuerzas armadas, marina, policías estatales y demás autoridades que acuden al llamado ciudadano.El Secretario de Seguridad Pública, Evelio Méndez Gómez refirió que se implementaron acciones coordinadas para restablecer el orden en San Miguel Totolapan y en toda la región de Tierra Caliente, desplegando 10 grupos de la policía estatal, así como personal de la Marina que integran la orden de operación Refuerzo Guerrero con un total de 85 elementos, resguardando los municipios de Ajuchitlán del Progreso, Tlapehuala y San Miguel Totolapan, estableciendo bases de operación mixta y puntos de atención ciudadana.En tanto, la Fiscal General del Estado, Sandra Luz Valdovinos Salmerón, mencionó que se desplegaron en San Miguel Totolapan, un total de 90 elementos de la Policía Investigadora Ministerial para materializar las diligencias de investigación que permitan el esclarecimiento de los hechos, además de colaborar y reforzar la región de Tierra Caliente, en coordinación con las autoridades estatales y federales.","Title":"No habrá impunidad contra responsables del crimen en San Miguel Totolapan: Evelyn Salgado","PublishedDate":1665103152,"Keywords":["lourdes mrndoza","retrato","forense","fernando gomez mont","alvarez morphy","huachicol fiscal"]}