{"Id":"419767","Author":"Redacción","Content":"La Universidad de las Américas Puebla dio a conocer el Índice Global de Impunidad México 2022, que se publica anualmente desde 2015 con el fin de de poner atención en los problemas estructurales y el funcionamiento de las instituciones de seguridad, justicia y derechos humanos entre los gobiernos estatales. “México necesita reducir sus altos niveles de impunidad y esto requiere de construir mejores capacidades institucionales (...) Tanto el Gobierno federal como las autoridades estatales deben invertir en mejorar las capacidades y funcionamiento de sus instituciones, en especial en la procuración e impartición de justicia”, destaca el informe.Estados con más impunidadÉstos son los diez estados con mayor índice de impunidadEstado de México: 74.55 por ciento Baja California 69.84 por cientoVeracruz 65.56 por cientoPuebla 63.90 por cientoQuerétaro 63.65 por ciento Jalisco 63.40 por cientoSinaloa 63.59 por ciento Aguascalientes: 62.29 por cientoChiapas: 62.07 por cientoMichoacán: 61.99 por cientoEdomex, entidad sin leyComo se observa en la lista anterior, con 74.55 puntos de impunidad, el Estado de México tiene el puntaje más alto del Índice Global de Impunidad México 2022.El informe indica que se registran 2 mil ocho presuntos delitos registrados por cada cien mil habitantes, cuando el promedio a nivel nacional es de mil 432. La entidad cuenta con menos del 0.05 por ciento del personal en áreas encargadas para la protección de derechos humanos, y con la mitad del promedio nacional en personal en las procuradurías/fiscalías por cada cien mil habitantes Violencia en Nuevo León: Asesinan a 6 en fiesta; exdirector de policía entre los muertos El reporte indica que el número de víctimas registradas en las investigaciones y carpetas abiertas por el ministerio público es de 354 mil 155, cuando el promedio nacional es de 62 mil 549. “El Estado de México también presenta problemas estructurales en el diseño y existencia de capacidades institucionales para las políticas de seguridad: posee pocas agencias especializadas y poco personal destinado a funciones de seguridad pública. Finalmente, es el estado con el promedio más alto con respecto al componente del sistema de justicia”. Estados con menos impunidadLos únicos dos estados que redujeron considerablemente su posición dentro de la tabla de impunidad fueron: Baja California Sur  Coahuila  ","Title":"Estados ‘sin ley’: Estas son las 10 entidades con más impunidad en México","PublishedDate":1666722647,"Keywords":["lourdes mrndoza","retrato","forense","fernando gomez mont","alvarez morphy","huachicol fiscal"]}