{"Id":"419930","Author":"Redacción","Content":"La Secretaría de Seguridad Ciudadana de la Ciudad de México informó que inició una carpeta de investigación contra un policía auxiliar que se hizo viral en redes sociales gracias a un video en el que se le ve agrediendo a un joven supuestamente por patinar en la Explanada Francisco I. Madero, al interior del Bosque de Chapultepec.“El elemento de la Policía Auxiliar que parece en este video ya fue identificado y llamado a declarar ante el área de Inspección de la Policía Auxiliar; además ya se inició la carpeta de investigación correspondiente por estos hechos”, informó la dependencia de seguridad este martes 25 de octubre.En el video que se difundió principalmente en Tik Tok muestra como el policía sale de entre las áreas verdes y derriba al joven para detenerlo. Posteriormente lo lleva y lo amenaza de que “lo va a presentar... para que se le quite”.El cuerpo de seguridad le pidió al joven que borrara el video, a lo que este responde que no, que está en todo su derecho de grabar. Es ahí que entran varias personas para criticar al policía y las razones por las que lo estaban deteniendo, que aparentemente era el patinar en la explanada.Con una actitud arrogante, el policía dice “para que deje de andar de pitero”, y asegura que no lo agredió después de haberlo sometido contra el piso.Las personas resguardaron al joven que hacía skate, mientras el oficial justificaba los hechos; sin embargo, parece que no hubo una detención por patinar.Sismo 25 de octubre de 1981: El temblor ‘olvidado’ que sacudió a la CDMX   @richieskato #ciudaddemexico #puercos #cdmx #skate #policiacorrupta ♬ sonido original - papaflow   ¿Es ilegal hacer skate en CDMX?El reclamo de los jóvenes que practicaban el skate en la Explanada Francisco I. Madero era que “no estaban haciendo nada malo”; sin embargo, el reglamento de tránsito de la Ciudad de México, en su artículo 19, señala que los vehículos no motorizados tienen prohibido “circular sobre las aceras y áreas reservadas al uso exclusivo de peatones”.Esto no es motivo de la agresión del policía, ni de que el joven fuera amenazado con ser presentado supuestamente ante el Ministerio Público, en todo caso, “serán amonestados verbalmente por los agentes y/o agentes autorizados para infraccionar”, dice el reglamento.","Title":"‘¡¿Qué te pasa?!’ Investigan a policía que agredió a joven por hacer skate en CDMX","PublishedDate":1666811853,"Keywords":[]}