{"Id":"425710","Author":"Redacción","Content":"La Fiscalía General de Justicia de la Ciudad de México (FGJCDMX) informó este domingo 18 de diciembre, sobre el hallazgo de tres cadáveres en un domicilio ubicado en la colonia Roma Norte, alcaldía Cuauhtémoc.“La #FiscalíaCDMX integra una investigación, luego del hallazgo de tres hombres sin vida, entre ellos un adulto mayor, en el interior de un domicilio, ubicado en la colonia Roma Norte, alcaldía Cuauhtémoc”, señaló el órgano.Pese a que serán las pruebas de criminalística, genética, dactiloscopia, química y fotografía las que determinen la identidad de las víctimas, trascendió que se trata del actor Andrés Tirado, su hermano Jorge y una persona más.La chef y participante del programa Master Chef Celebrity México, Betty Vázquez lamentó la muerte del actor, egresado del Centro Universitario de Teatro de la UNAM.La última vez que los hermanos Tirada fueron vistos fue el pasado 16 de diciembre a bordo de un auto Ónix color gris con placas de Jalisco.Según reportes, la tercer víctima sería tío de los hermanos Tirado, quién tendría 73 años.Andrés Tirado, actor mexicano, de 27 años, participó en obras como El Ensayo (Ten out of Twelve) de Anne Washburn, montaje de Por Piedad Teatro, y el musical Rentas Congeladas de Sergio Magaña. Colaboró con directores internacionales como Amilcar Borges (Brasil), Javier Díaz Dalannais (Chile) y Amiar Souphiene (Italia).","Title":"Terror en CDMX: Hallan muertos a los hermanos Tirado en la colonia Roma","PublishedDate":1671424798,"Keywords":[]}