{"Id":"427171","Author":"Víctor Chávez","Content":"La detención del narcotraficante Ovidio Guzmán es una muestra de que en el actual gobierno “no hay impunidad y que no se protege a nadie”, según afirmó el dirigente nacional de Morena, Mario Delgado.Expresó que “mientras los exfuncionarios de otros gobiernos son enjuiciados en el extranjero o están encarcelados por sus nexos con el narcotráfico, en la 4T seguimos demostrando con hechos que no hay impunidad en nuestro país y que no se protege a nadie”.Consideró que “ahora hay una forma diferente de actuar, con inteligencia y estrategia, y eso nos lleva a una mayor eficacia. Por eso felicitamos al Gobierno de México porque no cesa en este gran esfuerzo por pacificar a nuestro país y que, además, esa paz sea fruto de la justicia”, comentó.Por eso -dijo- “por más intrigas que la derecha pretenda implantar en el imaginario colectivo, al pueblo no se le olvida que mientras ellos simulaban combatir al narcotráfico, en realidad los protegían y hasta de ahí cobraban”.“No somos iguales y hoy vuelve a quedar demostrado”, subrayó.","Title":"No hay impunidad y no se protege a nadie: Mario Delgado","PublishedDate":1672957869,"Keywords":["lourdes mrndoza","retrato","forense","fernando gomez mont","alvarez morphy","huachicol fiscal"]}