{"Id":"429223","Author":"Redacción","Content":"Desde su separación de Gerard Piqué, la cantante colombiana Shakira ha estado en el ojo público, sobre todo después del éxito en su colaboración con Bizarrap, sesión que cuenta con millones de vistas en plataformas de streaming, en donde no olvidó referirse a sus suegros.“Me dejaste de vecina a la suegra, con la prensa en la puerta y la deuda en Hacienda” sonó a todo volumen en su casa, por lo que en redes sociales resurgió un video de la pareja acompañada de su suegra, Nidia del Montserrat Bernabeu, en 2017, hace siete años.La secuencia de video de Shakira con su suegraLa conversación que ha despertado críticas en redes sociales se tomó durante la gala del evento deportivo Festa de l’esport catalá, en Barcelona, en donde fueron captados llegando juntos para acompañar al defensa a recoger su premio tras ser nombrado como el mejor deportista del año.En un momento, los tres conversan y repentinamente la mamá de Piqué tomó a la intérprete de ‘Monotonía’ del rostro, cerca de la boca, y posteriormente se puso un dedo sobre la suya, como se hace cuando se pide silencio. Todo ante la mirada de Piqué. Después, se les puede ver seguir la conversación, que incluso implicó algunas risas.Las reacciones de los fans se ShakiraLos usuarios no perdonaron al nuevo novio de Clara Chía, pues lo criticaron principalmente por no defenderla ante lo que sus fans definieron como una supuesta agresión.Los seguidores se indignaron con las acciones, por lo que la red se llenó de comentarios, la mayor parte apoyándola, aunque hubo quien argumentó que al ver la secuencia completa no parecía algo malo, ya que la cantante está de espaldas a la cámara.“Encima por un inmundo como Pique, que nada hizo en esa situación”, “con esa suegra, para que enemigos”, “esperando la nueva canción de Shakira contra la bruja de la suegra” o “hablan de la suegra, pero no hablan de Piqué que se queda como un mojonazo” son algunos de ellos.","Title":"¿Mamá de Piqué agredió a Shakira? Esta es la historia real detrás del video viral","PublishedDate":1674680780,"Keywords":[]}