{"Id":"431125","Author":"Magda Guardiola/corresponsal","Content":"Una jueza de control, vinculó este sábado 11 de febrero a proceso a Raymundo, pareja de Erika del Rosario, quien fue asesinada durante la mañana del pasado 8 de febrero en una colonia del sur de Saltillo en Coahuila. El sujeto, detenido ese mismo día, fue imputado por el delito de feminicidio.De acuerdo con información proporcionada por personal del Poder Judicial de del estado de Coahuila, la defensa del imputado decidió renunciar al término constitucional de hasta 144 horas para realizar una segunda audiencia, y así la autoridad ministerial pudiera formular la imputación.Erika falleció víctima de quemaduras y presuntos golpes en la cabeza. Los vecinos reportaron un posible incendio durante las primeras horas del miércoles anterior al interior de la casa que habitaba junto a su esposo, quien abandonó el domicilio mientras se incendiaba; el sujeto fue localizado más tarde el mismo día en el estado de Nuevo León, en la casa de unos familiares.El jueves, el gobernador de Coahuila Miguel Riquelme Solís, sentenció “todo el peso de la ley para el feminicida”.¿Qué pasará con el presunto agresor de Erika del Rosario?Durante una velada organizada por colectivas feministas para pedir justicia por Erika, sus familiares dijeron que la autoridad ministerial comentó que la defensa podía alegar fallas en la salud emocional de Raymundo y que éste lograra su libertad.Familiares de Erika también mostraron su preocupación ante la posibilidad de que Raymundo obtenga una pena reducida por solicitar un procedimiento abreviado.Pablo Lyle fue recibido con aplausos en la cárcel tras sentencia por homicidio involuntarioLa jueza Lilia Verónica Sánchez Castillo, indicó un plazo de cierre de investigación de tres meses para la causa penal 605/2023, y dictó prisión preventiva a Raymundo como medida cautelar.De acuerdo a datos de seguridad, es el primer feminicidio que se registra en este año en Coahuila. Durante 2022, en el estado se registraron 22 feminicidios.","Title":"Feminicidio de Erika del Rosario: Vinculan a proceso a Raymundo ‘N’, esposo de la víctima","PublishedDate":1676164132,"Keywords":["feminicidios","monserrat juarez","feminicidio en mexico","monserrat","milagro","feminicidio edomex"]}