{"Id":"431909","Author":"Redacción","Content":"El pasado 12 de febrero, Rihanna se presentó en el medio tiempo del Super Bowl LVII, por lo que recibió múltiples comentarios de apoyo por parte de sus seguidores y artistas, como Shakira y Chris Brown, siendo este último duramente criticado por la gente.Cuando terminó la presentación de Rihanna, donde anunció su segundo embarazo, el rapero publicó una historia en su cuenta de Instagram con un mensaje de apoyo a la originaria de Barbados: “Go girl!”, fue lo que puso acompañado con un emoji de corazón y unas manos en posición de rezo.Lo anterior lo hizo acreedor de múltiples críticas puesto que, en 2009, fue señalado de golpear a la dueña de Fenty Beauty cuando eran novios.Chris Brown se defiende de críticas hacia su personaEl rapero fue calificado por usuarios de redes sociales como ‘hipócrita’ al enviar mensajes de respaldo a Rihanna después de haberla agredido físicamente, mismos que a una semana de aquel hecho todavía recibe, por lo que decidió defenderse.A través de una serie de historias en Instagram, Chris Brown se quejó de todos aquellos detractores que le expresan su odio por un acto que cometió cuando todavía era menor de edad, por lo que se siente cansado.“Si todavía me odian por un error que cometí a los 17 años, por favor, besen mi trasero”, escribió Brown, agregando que todos aquellos que lo critican, se divierten con programas donde otras personas se golpean entre sí.¿Qué es el infarto silencioso, padecimiento que sufrió Juan Pablo Medina? Así puedes detectarlo  Captura de pantalla de la historia de Chris Brown en Instagram. “Tengo 33, estoy tan cansado de que todos sigan con esa narrativa. Ustedes son los mismos que sintonizan todas las semanas para ver Blueface y Chrisean, en donde se dan golpes entre sí frente del mundo. ¿Pero eso está bien? ¿Es entretenimiento?”, cuestionó.También se preguntó por la cultura de cancelación cuando se trata de hombres blancos, que salen con menores de edad y/o que golpean a sus esposas, para dar pie a una serie de imágenes que puso como ejemplos de artistas como Sean Penn, Mel Gibson, Nicolas Cage, Ozzy Osbourne y Tommy Lee, aunque también señaló a mujeres, como Emma Roberts y Carmen Electra.  Captura de pantalla de la historia de Chris Brown en Instagram. Polémica entre Chris Bown y RihannaChris Brown fue detenido en febrero de 2009 por golpear y amenazar a Rihanna durante una discusión en un Lamborghini alquilado, según reportó Los Angeles Times.“La noticia de que Rihanna estaba herida y de que la policía buscaba a Brown se conoció al día siguiente, mientras decenas de periodistas esperaban la llegada de la pareja a la alfombra roja”, escribió el medio en aquel entonces.","Title":"Chris Brown se queja de quienes lo odian por agredir a Rihanna: ‘Estoy cansando de que sigan’","PublishedDate":1676758929,"Keywords":[]}