{"Id":"432783","Author":"Eulalio Victoria / Corresponsal","Content":"Tres mujeres integrantes de la colectiva feminista Ehecatl fueron golpeadas por más de 30 hombres dentro de las instalaciones de la agencia del Ministerio Público de la Fiscalía del Estado de México, ubicado en la Colonia San Agustín de Ecatepec.El ataque, que ocurrió 3 de febrero a las 18:00 horas, fue grabado en videos. En ellos se observa cómo los policías irrumpen esta agencia del Ministerio Público, las despojan de sus celulares, las patean y arrastran, mientras policías de investigación y servidores públicos no impiden el ataque y solo observan lo que ocurre.“Fuimos despojadas de nuestros equipos celulares y demás pertenencias, y golpeadas, violentadas vilmente en un recinto procurador de justicia”, dijo una de las víctimas.Detallaron que en las inmediaciones de las oficinas del Ministerio Público, un grupo de aproximadamente 30 personas amenazaron y golpearon a un joven, quien es asesor jurídico en la Comisión Ejecutiva de Atención a Víctimas del Estado de México (CEAVEM), y acompañaba a las mujeres para presentar una denuncia.La colectiva feminista aseguró que con las pruebas conseguidas, presentarán una denuncia para que los hechos no queden impunes y los responsables sean identificados.Grupos feministas del Estado de México continúan con las denuncias en las que acusan que la Fiscalía mexiquense no atiende de manera pronta las denuncias de violencia de género presentadas en Ecatepec y distintos municipios del Estado de México.Gloria Alejandra Mateos, la chef sobreviviente de feminicidio en Guerrero, teme por su vidaAfirmaron que a pesar de la creación de instancias especializadas para atender este tipo de denuncias, continúan los malos tratos a las víctimas, y el desdén por dar seguimiento a la violencia de género.Lamentaron que lo sucedido en el Ministerio Público de Ecatepec es solo una muestra del peligro que enfrentan las mujeres en el Estado de México, una de las entidades más violentas contra las mujeres según especialistas.","Title":"Colectiva feminista Ehecatl: Policías agreden y golpean a integrantes en Edomex","PublishedDate":1677460289,"Keywords":[]}