{"Id":"433045","Author":"Eulalio Victoria","Content":"Por ser el presunto feminicidio de Marely Yamileth, un adolescente de 17 años fue detenido por agentes de la Fiscalía del Estado de México.La joven de 16 años, estudiante del Centro de Bachillerato Tecnológico (CBT) Jaime Keller Torres, fue encontrada muerta el pasado 14 de febrero en un lote baldío ubicado en la colonia Santa Teresa 1, del municipio de Huehuetoca.Asimismo, autoridades confirmaron que el Ministerio Público (MP) acreditó la probable participación del detenido, quien fue vinculado a proceso.Explicaron que tras su detención, el sujeto fue presentado ante un juez del Centro de Internamiento Quinta del Bosque, en el municipio de Zinacantepec, y al revisar los datos de prueba aportados por el MP, se determinó vincularlo a proceso con plazo de 30 días para el cierre de investigación complementaria. Asimismo, el adolescente contará con medida cautelar de internamiento preventivo, sin embargo, “debe ser considerado inocente hasta que sea dictada una sentencia condenatoria en su contra”, señalaron autoridades.El crimen causó indignación entre compañeros de escuela de la joven, así como de amigos y vecinos de la familia de la víctima, quienes despidieron a Marely Yamileth y anunciaron que de no avanzar las investigaciones, realizarán una marcha para exigir justicia por la muerte de la menor.¿Qué le pasó a Marely Yamileth?De acuerdo a autoridades del Edomex, el pasado 14 de febrero la joven de 16 años salió de su domicilio para dirigirse al CBT en la colonia Santa Teresa 1, pero al no regresar a su casa, la madre de la menor de edad se dirigió a la escuela, donde trabajadores del plantel le informaron que no había acudido a clases. Un día después, su cuerpo fue localizado en un predio baldío de la misma colonia.Placas para moto Edomex: ¿Cuál es el costo y requisitos para obtenerlas?De acuerdo a los primeros reportes, el cuerpo de la adolescente presentaba signos de violencia, y estaba cubierta con bolsas y costales.La investigación arrojó que Marely acordó verse con su novio, quien en algún momento habría cometido el feminicidio en contra de la menor, para después abandonar el cuerpo.Tras las pesquisas, el MP solicitó a un juez librar orden de aprehensión en contra del posible implicado por el feminicidio de Marely Yamileth, quien fue detenido este 28 de febrero por Agentes de Investigación de la Fiscalía Especializada en Materia de Delitos Cometidos por Adolescentes.","Title":"Marely Yamileth: Detienen joven de 17 años por presunto feminicidio de la adolescente en Edomex","PublishedDate":1677629234,"Keywords":["feminicidios","monserrat juarez","feminicidio en mexico","monserrat","milagro","feminicidio edomex"]}