{"Id":"433576","Author":"Redacción","Content":"Este fin de semana se realizó la primera edición de The World is a Vampire, uno de los nuevos festivales de música en México, pero lamentablemente quienes fueron tendencia en redes fueron el luchador Chessmann y el comunicador Adrián Marcelo por una supuesta pelea.Este sábado 4 de marzo se llevó a cabo en el Foro Sol el nuevo festival de rock alternativo, post-punk, hard rock y gothic rock que tuvo en la cartelera a The Smashing Pumpkins, Interpol y The Warning, entre otras bandas y artistas.Además, The World is a Vampire combinó la música y la lucha libre con funciones de entre luchadores de la National Wrestling Alliance y la Worldwide AAA.¿Qué pasó entre Chessman y Adrián Marcelo?Chessman es uno de los personajes de la Triple A que participó en las funciones contra la NWA en el festival The World is a Vampire. Sin embargo, con quien se peleó el luchador afuera del cuadrilátero fue con Adrián Marcelo.El luchador era entrevistado en el Foro Sol y al parecer le molestó una pregunta o comentario de Adrián Marcelo y le soltó un golpe en el cuello. El conductor de Multimedios se sobó, pero luego reaccionó y le arrojó a Chessman el vaso de cerveza de una espectadora. Ambos tuvieron que ser detenidos por otras personas para evitar una pelea mayor.\"Chessmam\" y \"Adrián Marcelo\":Por este video donde el luchador de la AAA golpea al conductor Adrián Marcelo.pic.twitter.com/8m3I01swit— ¿Por qué es Tendencia? (@porktendencia) March 5, 2023\n\n“Me duele mucho que crean que merezco o merecía ser golpeado. La violencia nunca es el camino. Es muy bajo desear que le inflijan dolor a alguien por hacer preguntas tontas, no creo que sea equitativo. Díganme lo que quieran, pero los golpes no van”, comentó Adrián Marcelo horas después en Twitter.Lele Pons y Guaynaa: Así fue su boda, con Chayanne, ‘Tiempo de vals’ y mariachiNi Chessman, la Triple A ni el festival The World is a Vampire se han manifestado respecto a este incidente.¿Quién es el luchador Chessman?Kevin Citlali Zamora, mejor conocido como Chessman, es un luchador mexicano de la Worldwide AAA. Nació en 1975 en Villa Nicolás Romero, Estado de México.Inició su carrera como luchador bajo el nombre de Quarterback y después lo cambió por Rey Dragon y Magnun.Ha peleado junto a Cibernético, Cuervo Negro, Dark Ozz, Escoria y Charlie Manson. También formó parte de los Hell Brothers y de Los Ogts, haciendo mancuerna con Averno y Super Fly.Ha sido tres veces Campeón Mundial en Tercias, dos veces Campeón Mundial de Parejas y Campeón Mundial en Parejas Mixtas en la Triple A, además de ser reconocido como Rey de Reyes en 2010.","Title":"Triple A: Él es Chessman, el luchador que supuestamente agredió a Adrián Marcelo en el Foro Sol","PublishedDate":1678053522,"Keywords":[]}