{"Id":"433536","Author":"Redacción","Content":"La Fiscalía de la CDMX anunció la detención de Iván ‘N’, novio de Carolina Islas quien fue reportada como desaparecida el 27 de enero y cuyos restos se encontraron en Morelos.Las autoridades informaron que el hombre fue detenido en Querétaro por su probable participación en la desaparición y feminicidio de la joven de 29 años.Iván ‘N’ se ocultaba en dicho estado a donde llegó luego de lo ocurrido a finales de enero cuando se vio por última vez a Carolina.Su cuerpo fue hallado en febrero en el municipio de Huitzilac, Morelos. Las primeras investigaciones detallan que su novio regresó a la CDMX y estuvo en Iztapalapa donde mantuvo contacto con un familiar.Detectives de @PDI_FGJCDMX detuvieron en Querétaro a Iván “N”, por su probable participación en la desaparición de la joven Carolina, ocurrida hace unas semanas. Su aseguramiento es resultado de los trabajos de inteligencia realizados por esta Fiscalía. Más información en breve pic.twitter.com/HcLSmlxKRP— Fiscalía CDMX (@FiscaliaCDMX) March 4, 2023\n\nLas autoridades intervinieron varios chips que utilizó el detenido y la ruta que utilizó fue en Guerrero, Estado de México y, finalmente, en Querétaro.¿Qué se sabe sobre el caso de Carolina Islas?Lo último que se supo de Carolina Islas fue que iba a un bar con su novio Iván ‘N’ en el centro de la CDMX.Fiscalía de NL alerta por desaparición de tres mujeres que regresaban de TexasLos reportes de las cámaras de vigilancia indican que ambos abordaron una camioneta y después se reportó su desaparición.El caso de Carolina Islas se dio a conocer debido a que sus familiares bloquearon durante más de ocho horas la autopista México-Cuernavaca en el primer puente del año, para exigir la búsqueda y aparición con vida de la madre de tres hijos.Luego del hallazgo del cuerpo de la joven, el 28 de febrero se confirmó que la causa de la muerte fue asfixia mecánica, es decir, estrangulamiento, según los resultados de la necropsia.Fueron sus familiares quienes identificaron el cuerpo de la joven por la ropa y unos tatuajes; sin embargo, por el avanzado estado de descomposición fue necesario realizar estudios de ADN para contar con una plena identificación.El miércoles 1 de marzo, Carolina Islas fue enterrada en el panteón de Santa Ursula Tixtla, de la alcaldía Tlalpan.","Title":"Caso Carolina Islas: detienen a Iván ‘N’, relacionado con  feminicidio de la joven","PublishedDate":1677979581,"Keywords":["feminicidios","monserrat juarez","feminicidio en mexico","monserrat","milagro","feminicidio edomex"]}