{"Id":"433647","Author":"Redacción","Content":"“¿Hasta cuándo vamos a permitir las mujeres este tipo de violencia?”, escribió en sus redes sociales la cantante Heidy Infante, nieta de Pedro Infante, quien fue agredida mientras cantaba durante el festejo de aniversario de un mercado en la colonia Escuadrón 201, en la alcaldía Iztapalapa (CDMX).Todo sucedió cuando ella interpretaba el tema ‘El viejo del sombrerón’ y un músico que la acompañaba en el escenario la tocó en la nuca, la cantante visiblemente incómoda quitó su brazo, pero él seguía en la misma actitud.Cuando cantó una parte del tema que dice “cuando el viejo me toca”, él extendió la mano hacia el área genital de la artista, por lo que lo empujó molesta y en respuesta él comenzó a golpearla ante todo el público, incluso la jaló del cabello hacia atrás del escenario.“¿Cómo es que una mujer se puede sentir culpable de una agresión? ¡Pues sí! quiero agradecer las muestras de apoyo... Ser cantante o líder de un grupo es muy difícil, nadie sabe que cada vez que subimos a un escenario nos exponemos, pero no se vale esto que ocurrió”, expuso en Facebook, donde también compartió el video en el que es violentada.Momento en que Heidy Infante es golpeada por un hombre en el escenario. (Foto: Facebook / Heidy Infante). La intérprete afirmó que fue agredida por Yian López Semanat, “aún siendo víctima de este hombre los policías lo soltaron, mi pregunta es por qué.“Me falta el aire para decir ‘¡basta!’. Aquí es al revés: al hombre símbolo de sexy por su color las mujeres los halagamos y el misógino me golpea de esta forma tan brutal. Créanme en mi vida había tenido una experiencia cómo está. Sin palabras y te sientes sola, pero los tengo a ustedes… mujeres las necesito”.El video fue comentado por la cuenta oficial de la Fiscalía CDMX, donde se le pidió que se contactara para atender la situación.Heidy Infante Heidy Infante ha trabajado en radio. (Foto: Facebook / Heidy Infante). ¿Quién es Heidy Infante?La madre de Heidy es América Infante, hija del cantante Pedro Infante e Isabel Navarro, sin embargo, el actor solo reconoció a cinco biológicos: Guadalupe Infante, Graciela Margarita, Pedro y Guadalupe Torrentera e Irma Infante, además de Dora Luisa, la sobrina que adoptó.Heidy tiene 44 años y es originaria de la Ciudad de México, ha sido principalmente cantante profesional de cumbia, actualmente se presenta en diversos eventos y cantinas con el grupo Heidy Infante y la Nueva Sonora.Heidy Infante es cantante de cumbia. (Foto: Facebook / Heidy Infante). “El género de la cumbia lo escojo porque hay una canción de mi abuelo muy representativa, ‘Nana Pancha’. Pedro Infante es mi inspiración, fue el novio de todas las mujeres de México y creo que puedo ser la nieta de muchas de las mujeres de México”, dijo en su video de presentación para La Voz.En 2020, Heidy participó en el reality show La Voz México, programa transmitido en TV Azteca, en la temporada en que participaron Belinda, María José, Ricardo Montaner y Christian Nodal; sin embargo, no fue elegida por los coach.Asimismo, ha incursionado en cine, radio, doblaje, televisión y teatro, ha sido corista de Lupita D’Alessio, José José, Lucero, Manuel Mijares y Ricardo Arjona. También es payasita, ‘Wapayasa’, por una escena de la película Un rincón cerca del cielo, donde Pedro Infante interpreta a un payaso, “creo que son personajes y personas que hacen reír a la gente, pero también proyectan algo... la risa cura el alma”. Es creadora de contenido en YouTube, donde tiene poco más de 30 mil suscriptores. Hace unos días anunció que trabajaría de nuevo en radio, en la estación Buenisiima 1530 AM.En abril de 2022 le dedicó un mensaje a su abuelo con motivo del aniversario de su fallecimiento:“Vica Pedro Infante Cruz, siempre cuidaré de tu legado y haré las cosas como a ti te gustaría. Te amo, abu, y con la fe de tu memoria y la honra de tu apellido se hace con amor mencionar tu nombre”.","Title":"PERFIL: ¿Quién es Heydi, nieta de Pedro Infante que fue agredida en concierto de Iztapalapa?","PublishedDate":1678124042,"Keywords":[]}