{"Id":"433748","Author":"Redacción","Content":"Américo Villarreal, gobernador de Tamaulipas, confirmó esta mañana que ya fueron localizados los cuatro ciudadanos estadounidenses que habían sido secuestrados en Matamoros el viernes 3 de marzo de 2023.Durante la conferencia de prensa matutina, el gobernador sostuvo una llamada telefónica con el presidente Andrés Manuel López Obrador en la que le informó sobre la muerte de dos de las personas secuestradas y el rescate de otras dos personas que habían sido privadas de su libertad.“Hoy, hace aproximadamente una hora, nos notificaron que había indicios de haber visto a los cuatro ciudadanos estadounidenses y hace 35 minutos ya fue plenamente confirmado por la fiscalía. De los cuatro, hay dos fallecidos, una persona herida y la otra con vida”, dijo Américo Villarreal vía telefónica.Asimismo, se confirmó que una persona había sido detenida durante el rescate de los ciudadanos estadounidenses.La información fue confirmada por la Fiscalía General de Justicia de Tamaulipas, señalando que continúan las labores de investigación e inteligencia para la captura de los responsables.El fiscal de Tamaulipas, Irving Barrios Mojica, informó ayer que un grupo de búsqueda conformado por elementos del Ejército Mexicano, Marina, Secretaría de Seguridad Pública y Protección Ciudadana, la Comisión Nacional de Búsqueda, Guardia Nacional, Guardia Estatal, la Comisión de Búsqueda de Personas Tamaulipas y la Fiscalía del Estado, se encontraban realizando la búsqueda de los ciudadanos norteamericanos en Matamoros.¿AMLO le tiene ‘tirria’ a los regios? Esto dijo Samuel García tras ‘lucha’ por TeslaTambién se conformó un grupo de investigación e inteligencia entre instituciones federales y estales, que realizaban el procesamiento de toda la información relativa al caso, que poco antes de las 8:00 de la mañana concluyó con la localización de los cuatro ciudadanos norteamericanos.#EnLaMañanera | EN VIVO 🔴 @Dr_AVillarreal, Gobernador de Tamaulipas, confirmó al presidente @lopezobrador_ la muerte de 2 de los 4 ciudadanos estadounidenses secuestrados en Matamoros; adelanta que hay una persona herida y que seguirá informando sobre el caso. pic.twitter.com/kPgjKoBNLZ— El Financiero TV (@ElFinancieroTv) March 7, 2023\n\nTras la llamada, el mandatario mexicano lamentó la muerte de los dos ciudadanos estadounidenses y dijo que las autoridades de EU tienen derecho a manifestarse.“Lamentamos mucho que esto suceda en nuestro país. Enviamos a los familiares y amigos de las víctimas nuestras condolencias. Vamos a seguir haciendo nuestro trabajo para garantizar la paz y la seguridad”, dijo AMLO en Palacio Nacional.Sin embargo, fue contundente al reiterar que no permitirá la intervención de ningún gobierno extranjero en nuestro país y pidió a los legisladores estadounidenses concentrarse en las bandas criminales de EU que distribuyen fentanilo en Estados Unidos.“Llama mucho la atención que todos los medios en Estados Unidos manejan de manera amarillista la información; no así cuando asesinan a mexicanos en Estados Unidos, callan como momias”, recriminó.“Se rasgan las vestiduras de manera hipócrita. No vamos a permitir la intervención de ningún país extranjero sobre asuntos que solo corresponden a los mexicanos. Nosotros no nos metemos a ver qué hacen las bandas en EU que distribuyen el fentanilo, ese en un asunto de ellos. México no es colonia ni protectorado de ningún país”, añadió.En este contexto, el titular del Ejecutivo recordó que hace poco más de un mes, dos jornaleros oaxaqueños fueron asesinados durante un tiroteo en California, Estados Unidos y que la noticia pasó desapercibida en los noticieros de EU.Con información de Perla Reséndez.","Title":"Hallan a 4 estadounidenses secuestrados en Tamaulipas: 2 están muertos","PublishedDate":1678202086,"Keywords":[]}