{"Id":"437921","Author":"Ana Osorio","Content":"Los padres de Marlon “N” fueron detenido nuevamente por delitos relacionados con el feminicidio de Monse Bendimes aunque en esta ocasión los acusan de omisión de auxilio.Tan solo el día de ayer Diana “N” y Jorge “N”, habían sido declarados en libertad por orden de un Juez Federal, puesto que buscaron amparos para evitar su vinculación a procesoSin embargo, al salir de los reclusorios de Coatzacoalcos y Tuxpan, respectivamente, fueron nuevamente aprehendidos por las autoridades, y presentados en el juzgado Norte del municipio de Veracruz el cual se ubica sobre la calle Fidel Velázquez.En el primer proceso judicial y del cual obtuvieron la libertad el día de ayer estaban acusados directamente por el delito de feminicidio de Monse Bendimes ocurrido en abril del 2021.En aquel momento Marlon golpeó a Monse provocándole fracturas múltiples, mientras que ellos la trasladaron al hospital sin los cuidados médicos necesarios, por lo que finalmente ella falleció.El juez federal consideró que no había elementos para presumir que ellos participaron en el feminicidio, por lo cual debían ser puestos en libertad.Feminicidio de Mariana Lima: Culpable recibe 70 años de prisión en EdomexPor ello en esta ocasión el delito varió y se les acusa de omisión de auxilio.Luego de ser detenidos fueron trasladados a audiencia y tras 9 horas finalmente el Juez de Control realizó la imputación de Diana Elizabeth “N” y Jorge Ignacio “N”, como presuntos responsables del delito de omisión de auxilio en contra de Monserrat Bendimes.El juez dictó como medida cautelar, prisión preventiva necesaria por el término de un año, dentro del proceso penal 289/2023.Por el momento fueron ingresados al Penal ubicado en la colonia Playa Linda, aunque este sitio es únicamente de estancia transitoria por lo que podrían ser traslados a un penal de la entidad.","Title":"Feminicidio de Monse Bendimes: Detienen a padres de Marlon ‘N’ e imputan nuevos cargos","PublishedDate":1681598463,"Keywords":["feminicidios","monserrat juarez","feminicidio en mexico","monserrat","milagro","feminicidio edomex"]}