{"Id":"438627","Author":"Ana Osorio","Content":"Los padres del presunto responsable del feminicidio de la niña Estefany Naomi lo entregaron este viernes a la Fiscalía General del Estado. El feminicidio, ocurrido el jueves en Tecolutla, al norte de Veracruz, indignó a la sociedad de la zona quienes hicieron un bloqueo durante 12 horas en la carretera federal para exigir que el responsable fuera detenido.Victor Yael ‘N’, de 14 años, fue entregado tras la presión de la ciudadanía que exigía fuera presentado ante las autoridades pues ya se le había identificado. Estefany Naomi: el feminicidioDe acuerdo con los testigos del hecho, Estefany Naomi andaba en bicicleta cuando dos sujetos en motocicleta llegaron y le dieron varias puñaladas con un arma blanca, de las cuales una fue en el cuello la cual fue lo que provocó la muerte.La Guardia Nacional y la Secretaría de Seguridad Pública implementaron un operativo de búsqueda y localización para dar con el paradero de los feminicidas sin éxito.Durante el bloqueo, el papá de Víctor Yael ‘N’ ofreció entregarlo pues de acuerdo con algunas personas él habría sido quien ayudó a su hijo a salir de la zona.Feminicidio en Tabasco: Abogada en temas de violencia es asesinada frente a sus hijosLos padres de Víctor Yael ‘N’ lo llevaron este viernes ante la policía ministerial quienes lo trasladaron a la delegación en la ciudad de Papantla. En las próximas horas podrá rendir la declaración preparatoria y se espera que con esto se obtengan pistas sobre de su cómplice así como aclarar la situación que los llevó a asesinar a Estefany Naomi. El joven fue llevado al Centro de Internamiento Especial para Adolescentes, ubicado en la localidad de Palma Sola en el municipio de Alto Lucero, el único sitio habilitado para infractores menores de edad.","Title":"Feminicidio de Estefany Naomi: presunto asesino es entregado por sus padres","PublishedDate":1682134349,"Keywords":["feminicidios","monserrat juarez","feminicidio en mexico","monserrat","milagro","feminicidio edomex"]}