{"Id":"438859","Author":"Redacción","Content":"Bionce Jazmín Amaya Cortéz, una joven de 20 años, residente de Mission, Texas, desapareció el pasado 9 de abril, al oriente de Nuevo León, después de que sus amigos la dejaran en la entrada del municipio de China, donde supuestamente pasaría otro vehículo por ella.La joven llegó a Nuevo León el pasado 6 de abril para pasar las vacaciones de Semana Santa con unos amigos en los municipios de China y Bravo. De acuerdo con sus familiares, durante su estancia se mantuvo en contacto con ellos hasta la noche del domingo. Bionce tenía que regresar el lunes a Texas, pero al no saber nada de ella su familia comenzó a pedir ayuda en redes sociales.La tarde del 14 de abril, la Fiscalía de Justicia de Nuevo León confirmó el hallazgo de un cuerpo, en un predio ubicado en la comunidad de El Verde, en el municipio de General Bravo, el cual fue sometido a diversas pruebas periciales para determinar las causas del fallecimiento e identidad.La dependencia estatal confirmó el sábado 15 de abril que el cuerpo pertenecía a Bionce Jazmín y señaló que su fallecimiento fue a causa de golpes. “Una vez practicados los estudios forenses al cadáver, estos dieron como resultado que la causa de la muerte fue por contusión profunda de cráneo vertebro medular cervical y de tórax”.El cuerpo de la joven fue entregado a sus seres queridos la tarde del lunes y trasladado a Mission, Texas para darle el último adiós.Las versiones sobre la muerte de BionceDurante la búsqueda, la familia reveló la versión de los amigos de la joven, quienes les indicaron que Bionce fue dejada en una calle oscura en la entrada del municipio de China donde esperaba a otro vehículo.Encuentran sin vida a Bionce Jazmín en NL: ¿De qué murió la joven, según la Fiscalía?Sin embargo, días después supuestos audios de testigos de los hechos fueron difundidos en redes sociales, en los que se aseguraba que la joven habría caído de un vehículo que hacía derrapes en un rancho, y aunque presuntamente su acompañante trató de buscar ayuda terminó por abandonar el cuerpo en el predio de El Verde.Esta última versión coincide con lo revelado por el alcalde de China, Raúl Karr, quien señaló que la joven falleció en un hecho de tránsito. Sin embargo, aunque el vicefiscal de Ministerio Público de Nuevo León, Luis Enrique Orozco, dio a conocer que la muerte de la joven se investiga bajo el protocolo de feminicidio, no han dado más detalles de cómo ocurrieron los hechos.Ante estos hechos, la Fiscalía obtuvo tres órdenes de aprehensión en contra de personas supuestamente relacionadas con los hechos y, no fue sino hasta el pasado 22 de abril cuando Martín ‘N’ fue detenido.Trascendió que el detenido era novio de la joven. La Fiscalía de Justicia no dio a conocer más detalles sobre como ocurrió la captura.","Title":"Feminicidio de Bionce Amaya: Esto sabemos del caso","PublishedDate":1682392375,"Keywords":["feminicidios","monserrat juarez","feminicidio en mexico","monserrat","milagro","feminicidio edomex"]}