{"Id":"440413","Author":"M.  Albert Hernández","Content":"Un alumno del Colegio de Bachilleres de Tabasco, plantel número 35, ubicado en el municipio de Cárdenas, agredió a un maestro golpeándolo con un martillo porque lo reprobó en la materia de Historia, según testigos presenciales.El incidente ocurrió mientras el maestro José Antonio estaba leyendo las calificaciones en el salón de clases. En ese momento, el joven, quien había escuchado que su mala calificación, sacó un martillo de su mochila y esperó a que el docente se diera la vuelta para golpearlo en la espalda y la cabeza. La agresión continuó mientras la víctima se encontraba en el suelo, ante la mirada de otros estudiantes.Al percatarse del ataque, algunos profesores acudieron en auxilio de su compañero y lo trasladaron de inmediato a un hospital.Según los informes médicos, este presentaba múltiples contusiones a causa de la agresión, por lo que su estado fue reportado como grave.En tanto, la Fiscalía General del Estado confirmó que el menor responsable de la agresión ya se encuentra detenido y se analiza su situación jurídica.Otra versión que corrió sobre este caso es que el joven estaría siguiendo algún reto viral que encontró en redes sociales. Sin embargo, ninguna autoridad educativa ha emitido una postura oficial sobre lo ocurrido, en tanto que, sobre la salud del maestro, solo se sabe lo que han compartido algunas personas cercanas a su familia.Protestan padres de familia para denunciar a maestro por abuso sexual contra una menorMaestros de Oaxaca piden seguridad; van 4 asesinados en lo que va del añoMaestros de la sección 22 del Sindicato Nacional de Trabajadores de la Educación (SNTE), pidieron al gobierno de Oaxaca a inicios de mayo que les garantice su seguridad para impartir clases en el municipio de Santiago Amoltepec, ubicado en la Sierra Sur de Oaxaca.De acuerdo con Sosimo Hernández, representante sindical de la zona de Amoltepec, son cuatro maestros los que han sido asesinados en los últimos 5 meses en el municipio. De acuerdo con el representante sindical, por esta situación han suspendido clases desde el pasado 26 de marzo ante la inseguridad que se vive en el municipio y en las agencias. Dijo que esta suspensión de clases afecta a más de 4 mil 500 alumnos y aproximadamente a 300 trabajadores de la educación.Señaló que el último maestro asesinado, fue el pasado 22 de marzo, cuando el profesor Omar Torres Jiménez, transitaba con su vehículo cuando lo emboscaron y le dispararon. De igual manera, solicitó que la Fiscalía General del Estado (FGE), investigue los asesinato de sus cuatro compañeros. En marzo, los maestros sostuvieron una mesa de negociación con el gobernador del estado, Salomón Jara Cruz, en la que se comprometió a atender la situación de inseguridad, a visitar la zona, y a instalar una base mixta de seguridad, sin que al momento haya cumplido su promesa. Por ello, exigieron la presencia de la Guardia Nacional y de la policía estatal, así como de la Defensa Nacional para garantizar la seguridad, de lo contrario, señalaron, no regresarán a las aulas.","Title":"Estudiante agrede a ‘martillazos’ a un profesor en Tabasco por reprobarlo","PublishedDate":1683643956,"Keywords":[]}