{"Id":"440875","Author":"Redacción","Content":"Un juez de un tribunal de enjuiciamiento declaró este viernes 12 de mayo culpables a Rodolfo Daniel Banderas y Juan Carlos Ortiz por el delito de feminicidio en contra de Abril Pérez Sagaón.Durante una audiencia en el Reclusorio Oriente, el juez determinó que los dos sujetos son culpables por ser autores materiales del feminicidio.De acuerdo con las investigaciones, sólo dos de los 10 implicados han sido declarados culpables; Rodolfo Daniel Banderas fue señalado por accionar el arma y asesinar a Abril Pérez.No obstante, hasta el próximo viernes 19 de mayo, a las 11 horas, se realizará la audiencia de individualización en la que se fijará la pena para cada uno.‘La vida de Abril Pérez costó 180 mil pesos’Rodolfo ‘N’, detenido por el feminicidio de Abril Pérez Sagaón, declaró que Juan Carlos García, exesposo de la mujer, le pagó 180 mil pesos por asesinarla.Rodolfo aceptó, ante el juez de control, haberle disparado a Pérez Sagaón y detalló que el también exgerente de Amazon le ofreció el dinero en noviembre del 2019.Detienen a cuatro presuntos implicados en el feminicidio de Abril PérezAdemás, declaró que García le ofreció otros 50 mil pesos si asesinaba a Abril el 25 de noviembre del 2019, antes de que se realizara la audiencia donde se le juzgaría por intento de feminicidio.Otro de los incriminados en el feminicidio es Juan Carlos ‘N’, un taxista que ayudó a los autores materiales. El sujeto dijo que no sabía que cometería el delito, pero detalló que recibió 5 mil pesos por acompañar a Rodolfo ‘N’.Abril Pérez fue asesinada a finales del 2019, cuando circulaba en las calles de la alcaldía Coyoacán, en la Ciudad de México.A inicios del mismo año, Pérez había denunciado a García, exCeo de Amazon México, por intento de feminicidio.El sujeto fue detenido, pero después se le liberó. En diciembre del mismo año la Interpol emitió una orden de búsqueda y detención para García, quien huyó a los Estados Unidos el 30 de noviembre.","Title":"Justicia para Abril Pérez: Declaran culpables a 2 implicados por su feminicidio","PublishedDate":1683953774,"Keywords":["feminicidios","monserrat juarez","feminicidio en mexico","monserrat","milagro","feminicidio edomex"]}