{"Id":"442113","Author":"Redacción","Content":"La Fiscalía General de Justicia de la Ciudad de México informó que ha vinculado a proceso a José Luis ‘N’ por su probable participación en el feminicidio de Elvia Lucía Vázquez, quien fue hallada sin vida en un despacho jurídico de la ciudad.La autoridad capitalina ha dictado prisión preventiva justificada para José Luis ‘N’, luego de una audiencia que se llevó a cabo este jueves. Las indagatorias indican que “el individuo posiblemente agredió de manera física a la víctima cuando se encontraban en el despacho, ubicado en la colonia Guadalupe Inn (en la alcaldía Álvaro Obregón)”, indica la ficha de la Fiscalía.También se ha establecido un plazo de tres meses para el cierre de la investigación complementaria por este caso de feminicidio.Obtuvimos la vinculación a proceso con prisión preventiva de José Luis “N”, por su probable participación en la comisión del delito de feminicidio, en agravio de la joven Elvia Lucía. En breve mayor información. pic.twitter.com/YKUfjgbsez— Fiscalía CDMX (@FiscaliaCDMX) May 24, 2023 Durante la audiencia, la familia y amistades de Lucía Vázquez se manifestaron afuera del Poder Judicial de la CDMX. En videos compartidos en redes sociales se observa la protesta: las personas llevaban un cartel con el mensaje “Ayúdanos a que su muerte no quede impune. En Copsar e Ibarra la asesinaron, José Luis la asesinó”.“Lucía Vázquez murió por asfixia; revelan que su jefe, el detenido, es un exconvicto (...) con influencias, por lo que puede quedar libre”, señalaba otra de las mantas de protesta.Muere Herminia Valverde, madre buscadora de CDMX¿Qué le pasó a Lucía Vázquez?La noche del 16 de mayo, Lucía Vázquez fue hallada sin vida al interior de un despacho jurídico en la colonia Guadalupe Inn, de la alcaldía Álvaro Obregón. La joven de 21 años era estudiante del Instituto Politécnico Nacional (IPN) y era empleada en un despacho de Copsar e Ibarra.En el momento se informó que Lucía presuntamente sufría convulsiones y un empleado contactó a su familia para informarles; sin embargo, el cuerpo tenía huellas de violencia. Las fuentes policiales señalan que un hombre (José Luis ‘N’) intentó sobornar a los oficiales para no notificar el deceso al Ministerio Público y evitar que el personal pericial iniciara las investigaciones.Familiares y amigos de Lucía Vázquez Martínez exigen justicia, tras ser asesinada en el despacho jurídico donde trabajaba. #JusticiaParaLucia #NiUnaMás #Feminicidio #CDMX #Matices pic.twitter.com/FvCrX67goB— MATICES (@MATICESdemujer) May 18, 2023 ","Title":"Caso Lucía Vázquez: Fiscalía CDMX vincula a José ‘N’ por el feminicidio en despacho jurídico","PublishedDate":1684974644,"Keywords":["feminicidios","monserrat juarez","feminicidio en mexico","monserrat","milagro","feminicidio edomex"]}