{"Id":"445245","Author":"Redacción","Content":"El influencer Naim Darrechi, novio de la también creadora de contenido conocida como Yeri Mua, vuelve a causar controversia tras ser arrestado por agredir a algunos reporteros en el Aeropuerto de la Ciudad de México.De acuerdo con algunos videos difundidos en redes sociales, la pareja fue captada a punto de abordar un avión en el AICM, por lo que los reporteros se acercaron a ella para obtener información sobre su actual situación sentimental, pues en días pasados se habló de una separación, violencia en el noviazgo e incluso el embarazo de la joven originaria de Veracruz.Mientras ellas trataba de persuadir amablemente a los reporteros, el joven no tomó de la mejor manera el hecho de que la prensa insistiera y comenzó a actuar de forma violenta.“Que dejes tranquilo a la gente, brother, que no quiere hacer nada, que la dejen, que está embarazada, vas a tomar por culo”, exclamó Naim, empezando a golpear cámaras y escupirle a los periodistas presentes de programas como Ventaneando, quienes informaron que harán una denuncia en su contra pues dañó su equipo.Más adelante se informó sobre su detención. Actualmente está en espera de conocer su situación jurídica.  Naim Darrechi fue detenido en el Aeropuerto de la Ciudad de México. (Foto: Instagram / @naimdarrechi) ¿Quién es Naim Darrechi?Naim Alejandro Darrechi, conocido simplemente como Naim Darrechi, es un joven originario de España y ascendencia argentina que se crió en Palma de Mallorca y, antes de convertirse en creador de contenido, jugó futbol.¿Cuántas veces exploró James Cameron los restos del Titanic?: ‘Pasé más tiempo que su capitán’Darrechi formó parte del Real Club Deportivo Mallorca, donde le jugaba bromas pesadas a sus compañeros y las grababa, mismas que subía a redes sociales y poco a poco empezó a ganar popularidad.Inició su travesía por las redes sociales en 2016, donde utilizaba plataformas como Instagram y YouTube para compartir las bromas y otros tipos de contenido. También es cantante, y actualmente en su perfil de Spotify tiene casi 62 mil oyentes mensuales.  Naim Darrechi se ha involujcrado en distintas polémicas que tienen que ver con violencia física y sexual. (Foto: Instagram / @naimdarrechi) Aunque, en realidad, es más conocido por las polémicas en las que se ha involucrado a sus escasos 21 años, pues además de ser señalado por Yeri Mua de agredirla física y sexualmente, también enfrenta cargos en España por haber participado en una pelea con policías de Mallorca en 2021.Ese mismo año, aceptó que engañaba a sus parejas sexuales asegurando que era estéril con el fin de no utilizar preservativo, siendo señalado de realizar un tipo de abuso sexual.","Title":"PERFIL: ¿Quién es Naim Darrechi, novio de Yeri Mua arrestado por agredir a la prensa mexicana?","PublishedDate":1687572153,"Keywords":[]}