{"Id":"445511","Author":"Redacción","Content":"El presidente Andrés Manuel López Obrador habló nuevamente este martes sobre el empresario Claudio X. González, al afirmar que será él quien decida quién será el representante de la oposición para las elecciones de 2024.“Quienes escogen son los potentados, los oligarcas, los políticos corruptos, con la representación de Claudio X. González, él es el gran elector, Claudio, aunque nomás señal, es el del ‘dedazo’”, aseguró en su conferencia matutina.A todo esto, ¿quién es Claudio X. González y qué hace?Él es Claudio X. González juniorClaudio X. González Guajardo (1963) se tituló como abogado en la Escuela Libre de Derecho. Además, es doctor en Derecho y Relaciones Internacionales. Y es maestro en Derecho y Diplomacia de la Fletcher School of Law an Diplomacy de la Universidad de Tufts.Él es hijo de Claudio X. González Laporte (Cananea, 1934), quien es ingeniero químico por la Universidad de Stanford, California, y tiene un posgrado del Instituto Mexicano de Administración de Negocios.González Laporte es presidente del consejo de Kimberly-Clark de México. Ha sido también líder del Consejo Mexicano de Negocios y del Consejo Coordinador Empresarial (CCE).PERFIL: Lilly Téllez, la exsenadora de Morena y adversaria de AMLO que busca la presidenciaA la izquierda, Claudio X. González Laporte. A la derecha, Claudio X. González Guajardo. (Cuartoscuro)Mientras Claudio X. González Laporte se ha dedicado profesionalmente a la empresa Kimberly Clark, Claudio X. González Guajardo ha estado al frente de organizaciones de la sociedad civil.Claudio X. González Guajardo cofundó en 2006 el programa Bécalos para beneficiar a estudiantes mexicanos.Y en 2007 ayudó a fundar la asociación civil Mexicanos Primero, una comunidad de aprendizaje de niñas, niños y jóvenes. Hace investigación, divulgación y propuestas en busca de mejorar la calidad de la educación.Además, es cofundador y presidente honorario de la Unión de Empresarios para la Tecnología en la Educación, A.C. (UNETE).También es cofundador de la organización Mexicanos Contra la Corrupción y la Impunidad (MCCI) en 2015.La AMDA destaca que Claudio X. González junior fue funcionario público, cuando tuvo un cargo en Presidencia de la República y en las secretarías de Agricultura y del Trabajo. Asimismo, participó en campañas presidenciales en 1988, 1994 y 2000.Los ‘pleitos’ entre AMLO y Claudio X. GonzálezEl presidente Andrés Manuel López Obrador y el abogado Claudio X. González han tenido diferentes pleitos a lo largo de la administración de la 4T, pues en varias ocasiones se han criticado mutuamente y han respondido a comentarios del otro.En diciembre de 2018, cuando López Obrador asumió la presidencia y dio su discurso de toma de protesta, Claudio X. González aseguró que a México le iría mal debido a la reacción que se esperaba en los mercados por los comentarios de AMLO.En octubre de 2021, González Guajardo dijo que habría que tomar nota de todas las personas que, por acción u omisión, lastimaron a México mediante la 4T. Ante hecho, políticos como Claudia Sheinbaum, Horacio Duarte, Mario Delgado, entre otros, defendieron las acciones del gobierno con el hashtag #QueMeAnotenEnLaLista.A finales de 2022, el abogado y presidente del MCCI fue de los defensores de las marchas en defensa del Instituto Nacional Electoral (INE).Ante esto, López Obrador lo llamó “cínico y cretino” por la convocatoria hecha ante la reforma electoral que promovía desde la Presidencia. Ante ello, el abogado se defendió y dijo que él es demócrata e insistió en la defensa del INE.Con información de AMDA, Kimberly Clark y Fundación Gabo.","Title":"PERFIL: Claudio X. González, el abogado y cofundador de Mexicanos Contra la Corrupción y la Impunidad","PublishedDate":1687888787,"Keywords":["lourdes mrndoza","retrato","forense","fernando gomez mont","alvarez morphy","huachicol fiscal"]}