{"Id":"446003","Author":"Verónica Bacaz","Content":"Ernesto ‘N’, señalado como feminicida de la joven Melani Fernanda, de 27 años, y po el homicidio de un joven que la acompañaba el 6 de agosto de 2022, ingresó al Centro de Reinserción Social (Cereso) de Atlacholoaya en medio de un fuerte dispositivo de seguridad.Ello después de que la Fiscalía General del Estado de Morelos cumplimentó una orden de aprehensión en su contra, tras ser considerado sustraído de la acción de la justicia, por el feminicidio de la joven.Su ingreso al centro penitenciario ocurre luego de que elementos de la Secretaría de Seguridad Ciudadana de la Ciudad de México ejecutaron una orden de aprehensión en su contra el viernes, por el feminicidio de Melani Fernanda “N” y el homicidio de Cristofer’N’, emitida por la Fiscalía Especializada para la Investigación y Persecución del Delito de Feminicidio en Morelos.Las autoridades difundieron la fotografía del presunto feminicida y homicida para su búsqueda y localización, con base a lo establecido en el Código Nacional de Procedimientos Penales.La Fiscalía estatal tenía información de que Ernesto ‘N’ se desplazaba en Morelos, Ciudad de México y Estado de México, por lo que solicitó la colaboración de las autoridades locales.¿Cómo fue la detención de Ernesto ‘N’?El viernes 30 de junio, autoridades de Seguridad Ciudadana de la CDMX, sobre la Calle Tixcandal, en la colonia Pedregal de San Nicolás, en la Alcaldía Tlalpan, encontraron estacionado un vehículo de la marca Mazda de color rojo tipo 3 con las placas de circulación PYK-919C del Estado de Morelos, a bordo del cual se encontraban dos hombres.Liberan a 16 trabajadores de Seguridad de Chiapas; estuvieron secuestrados 3 díasAl identificarse los ocupantes, los oficiales verificaron los nombres en el registro de datos, confirmando que Ernesto ‘N’ contaba con una orden de aprehensión vigente por el delito de feminicidio, en tanto su acompañante identificado como Roberto Carlos “N” no cuenta con registros.Al revisar el auto, los oficiales localizaron un arma de fuego tipo escuadra, de confección artesanal, con cargador abastecido con cinco cartuchos útiles, asimismo, fueron encontradas 50 bolsitas de plástico transparente con cierre hermético, que contienen en su interior sustancia sólida de color blanco con las características de la cocaína.Ernesto ‘N’ fue detenido por la orden de aprehensión vigente en su contra, en tanto Roberto Carlos “N” fue asegurado por el delito de portación de arma de fuego y narcomenudeo.Agentes de investigación Criminal (AIC) de la Fiscalía de Feminicidios se trasladaron a la Ciudad de México en donde cumplimentaron la orden de aprehensión contra Ernesto ‘N’, alias ‘El Neto’, como presunto responsable del feminicidio de Melani Fernanda y el homicidio de Cristofer, ambos de 27 años de edad.Melani y Cristofer eran residentes del municipio de Huitzilac. Fueron asesinados el 6 de agosto de 2022 en el paraje conocido como Zacapexco, en el poblado de Tres Marías, perteneciente al municipio.","Title":"Feminicidio de Melani Fernanda: Ernesto ‘N’ ingresa al penal de Atlacholoaya","PublishedDate":1688252688,"Keywords":["feminicidios","monserrat juarez","feminicidio en mexico","monserrat","milagro","feminicidio edomex"]}