{"Id":"447853","Author":"Víctor Chávez","Content":"Más que aumentar las penas y hacer más diagnósticos, la Fiscalía General de la República (FGR) debe aplicar la ley, castigar el delito y abatir la impunidad, demandó la secretaria de Gobernación, Luisa María Alcalde.Al estrenarse ayer en un evento público con el gabinete de seguridad, la funcionaria subrayó que “ya no se requieren más diagnósticos” ni “más aumento de penas”, sino “que se aplique la ley y se procese a los delincuentes”.Al clausurar la 28A Asamblea Plenaria de la Conferencia Nacional de Secretarias y Secretarios de Seguridad Pública, en San Luis Potosí, expuso que “tenemos que combatir la impunidad, garantizar que quien cometa un delito sea castigado”.Aunque no asistió el fiscal Alejandro Gertz, la funcionaria dijo ante quien acudió en su representación –Germán Adolfo Castillo, titular de la Fiscalía Especializada de Control Regional– que “la estrategia de incrementar penas en el Código Penal no es tan eficaz como el hecho de que garanticemos que cuando se comete un delito haya justicia”.Ante los titulares de Seguridad, Rosa Icela Rodríguez; de la Marina, Rafael Ojeda, y representantes de la Defensa Nacional y de la Guardia Nacional, Alcalde Luján planteó que “no solamente que los infractores sean detenidos, sino que sean debidamente puestos a disposición, sean procesados y sean sentenciados”.Advirtió que el país entrará a una dinámica político-electoral, por lo que llamó al gabinete de seguridad a no “condicionar su actuación”.Homicidio de Nelson Matus: Protestan periodistas ante la FGR en GuerreroEn el evento estuvo presente el gobernador del estado, Ricardo Gallardo Cardona –postulado por el PVEM y el PT–, quien en un evento público el pasado 30 de junio aseguró: “A mí me gusta la sangre, ver arder el mundo, lo hemos hecho toda la vida”, en respuesta a las críticas de algunos medios.En su turno, la secretaria de Seguridad, Rosa Icela Rodríguez, dijo que en la lucha contra la delincuencia “no caben los colores” de partidos, y que “la estrategia funciona, hay resultados y vamos por buen camino”.Insistió en que “los esfuerzos han permitido reducir la incidencia delictiva, sobre todo el homicidio en 17 por ciento, el secuestro en 73.9 por ciento, el robo total, 25.8 por ciento, el robo de vehículo, 45.7 por ciento y el feminicidio en 19 por ciento”.Por eso, llamó a “privilegiar la política de cero impunidad, cero corrupción y cero complicidad con absoluto respeto a los derechos humanos”.","Title":"Segob exige a FGR “más castigo y menos impunidad”","PublishedDate":1689852600,"Keywords":["lourdes mrndoza","retrato","forense","fernando gomez mont","alvarez morphy","huachicol fiscal"]}