{"Id":"448604","Author":"Ricardo Guadarrama./ Corresponsal","Content":"Por el probable delito de homicidio en grado de tentativa cometido en agravio de una mujer, un Juez del Estado de México determinó prisión preventiva en internamiento para Jesús ‘N’, relacionado con la amenaza a una maestra y a una empleada de un kínder en Cuautitlán, Izcalli. Hace unos días fue vinculado a proceso por el probable delito de extorsión, el cual es considerado como grave.La Fiscalía General de Justicia del Estado de México (FGJEM) informó que la defensa del señalado pidió la duplicidad del término constitucional y es muy probable que su vinculación a proceso por homicidio en grado de tentativa sea el domingo 30 de julio al medio día.Jesús ‘N’ y su esposa, Laura ‘N’, están en prisión por el probable delito de extorsión, lo cual se derivó que el 17 de julio, ingresaron al kínder de su hijo para agredir y amenazar con un arma de fuego a una profesora y una empleada, de acuerdo con las investigaciones ministeriales.Incluso, a ambas mujeres este sujeto las obligó hincarse para pedirle perdón a su hijo, alegando que había sido lesionado en una de sus extremidades. Jesús 'N' y Laura 'N' ofrecieron dinero y un automóvil a cambio de no ser detenidos  Jesús ‘N’ acumula cargos en prisión Una vez que fueron detenidos, ofrecieron dinero y un automóvil a cambio de que no continuaran las pesquisas en su contra, por lo que también se les señaló en un inicio por el delito de extorsión.Violencia en Guanajuato: Detienen a presunto autor de masacre contra campesinosCuando su hogar fue cateado, en el mismo Cuautitlán Izcalli, la autoridad ministerial encontró a ocho perros en condiciones precarias y ahora se integra una carpeta judicial por el probable delito de maltrato animal.Se informó también que, en carpeta de investigación distinta, a Jesús ‘N’ se le investiga por el probable delito de daño en bienes, pues en fechas pasadas deshizo la motocicleta de una persona.","Title":"Caso kínder en Cuautitlán Izcalli: Dan prisión preventiva a Jesús ‘N’, quien agredió a maestra","PublishedDate":1690486269,"Keywords":[]}