{"Id":"448866","Author":"Juan Carlos Huerta","Content":"Mientras hacía ejercicio en el parque lineal dominical Vía RecreActiva, en Zapopan Jalisco, el regidor de ese municipio, Pedro Kumamoto fue agredido por un individuo que también se confrontó con los policías municipales.Los hechos ocurrieron sobre la avenida Patria y Altamira, durante el cierre a la circulación de vehículos motorizados, expuso el edil en sus redes sociales, “fui agredido verbal y físicamente por una persona mientras hacía ejercicio en la Vía”.En sus posteos indicó que fue auxiliado por policías, y personal de control del paseo dominical, “él fue controlado por las personas que estaban pasando y posteriormente por elementos de la Policía Municipal. Muchas gracias a las personas que me apoyaron”,El sujeto, de nombre Enrique “N”, lo agredió verbalmente y luego de gritarle, se fue a los golpes contra el regidor, quien acudió a las instalaciones de la Cruz Verde, y con el parte médico interpuso una denuncia para que se procesa conforme a derecho.El informe que rindieron los policías expone que “Pedro Kumamoto hace mención que momentos antes se encontraba corriendo por uno de los carriles de la vía recreativa cuando un ciudadano el cual circulaba a bordo de una bicicleta lo alcanzó a impactar, posteriormente dicho masculino se torna agresivo física y verbalmente ocasionándole al regidor una contusión en el labio inferior, por lo que se solicitó el apoyo de un paramédico quien tras brindarles la atención refirió que ambos masculinos se encuentran bien, aunado a ello refieren que no es su deseo proceder”.El parte policial señala que se le hizo de conocimiento al Ministerio Público del área de detenidos.Pedro Kumamoto va por el SenadoLuego del hecho, el alcalde de Zapopan, Juan José Frangie Saade, se solidarizó en sus redes sociales con el regidor del partido Futuro, al igual que otros personajes de la política como José María Martínez, coordinador parlamentario del partido MORENA en el Congreso de Jalisco.Pedro Kumamoto es considerado un activo fuerte de la política mexicana, pues fue el primer diputado local que llega a su cargo por la vía independiente en el país.El día de hoy fui agredido verbal y físicamente por por una persona mientras hacía ejercicio en la Via Recreativa. Él fue controlado por las personas que estaban pasando y posteriormente por elementos de la policía municipal. Muchas gracias a todas las personas que me apoyaron,…— Pedro Kumamoto (@pkumamoto) July 30, 2023 ","Title":"El regidor Pedro Kumamoto es agredido en Zapopan mientras hacía ejercicio","PublishedDate":1690803586,"Keywords":[]}