{"Id":"449247","Author":"Luciano Vázquez","Content":"En León, Guanajuato, un hombre arrojó solvente al rostro de su madre mientras dormía y le prendió fuego. La mujer ardió en llamas, resultando con graves quemaduras.La Fiscalía de Guanajuato informó que el hombre fue detenido como presunto responsable en el delito de feminicidio en grado de tentativa.De acuerdo a la investigación, el pasado 26 de julio de 2023, la mujer se encontraba recostada en su habitación en un domicilio de la colonia Vista Hero, cuando su hijo, Francisco Javier ‘N’, le roció solvente sobre el cuerpo y le arrojó un cerillo.“Ahora sí te vas a morir”, le dijo el agresor a su madre, mientras ella ardía en llamas y gritaba pidiendo ayuda.Otro hijo de la señora apagó el fuego con una cobija y salió corriendo en busca de ayuda.La mujer fue trasladada a recibir atención médica con quemaduras de alto grado que comprometieron su vida y dejaron secuelas permanentes. La víctima resultó con quemaduras en el 31 por ciento de su cuerpo; fue rociada con agua celeste, que es un solvente utilizado en la industria del calzado.PERFIL: Ella era Gloria Cházaro, reconocida teniente de la Marina, víctima de presunto feminicidioLa Unidad de Atención Integral a la Mujer estableció que ya existían antecedentes de violencia familiar, pues el hijo constantemente agredía a su madre, física y verbalmente, incluso llegó a golpearla con los puños en la cara y el cuerpo y constantemente le decía que la iba a matar.Tras ser detenido, el Ministerio Público llevó ante un juzgado a Francisco Javier ‘N’ y con la  presentación de las pruebas que integran la carpeta de investigación, le fincó cargos por tentativa de feminicidio.El Juez de la Causa resolvió a favor de la víctima y envió preso al presunto agresor, mientras se define su sentencia.Sube la violencia contra las mujeres en GuanajuatoLa Comisión Nacional para Prevenir y Erradicar la Violencia contra las Mujeres (Conavim) reportó recientemente el aumento de la violencia de género en 17 municipios de Guanajuato.En su reporte de mayo, Conavim destacó  el incremento de casos de muertes violentas y desapariciones de mujeres en la entidad.Los municipios donde ha aumentado la violencia que afecta a las mujeres son Abasolo, Acámbaro, Apaseo el Alto, Apaseo el Grande, Celaya, Cortazar, Dolores Hidalgo, Guanajuato (capital), Irapuato, León, Pénjamo, Salamanca, Salvatiera, Santa Cruz de Juventino Rosas, Silao, Valle de Santiago y Villagrán.","Title":"Intento de feminicidio en Guanajuato: Detienen a hombre que prendió fuego a su madre","PublishedDate":1691025220,"Keywords":["feminicidios","monserrat juarez","feminicidio en mexico","monserrat","milagro","feminicidio edomex"]}