{"Id":"450064","Author":"Redacción","Content":"El colectivo ‘Justicia para Ari’ realizó este jueves 10 de agosto una marcha frente a Palacio Nacional y la Suprema Corte de Justicia de la Nación (SCJN) para exigir justicia y avances en la investigación en el feminicidio de Ariadna Fernanda.La convocatoria se realizó a través de redes sociales, por lo que entre las asistentes había carteles con mensajes como: ‘Ni una más’, ‘No más impunidad’ y ‘No al fuero’.Esta última consigna en relación con la detención del exfiscal de Morelos, Uriel Carmona, quien está acusado de obstaculizar la investigación sobre el caso.¿Qué sabemos sobre el caso Ariadna Fernanda?Ariadna Fernanda murió la madrugada del 31 de octubre de 2022 en un departamento de la colonia Roma.La causa que estableció la Fiscalía General de la República (FGR) fue un traumatismo craneoencefálico.Lo anterior contrasta con la versión de la Fiscalía de Morelos, cuya versión indicó que la joven falleció por intoxicación etílica.Feminicidio de Ariadna Fernanda: Sheinbaum pide pena máxima para Rautel ‘N’, presunto asesinoRautel ‘N’ y Vanessa ‘N’, son los principales sospechosos del feminicidio de Ariadna Fernanda, por lo que fueron vinculados a proceso a mitad de noviembre.Su cuerpo se localizó el 31 de octubre en la carretera La Pera-Cuautla, municipio de Tepoztlán, Morelos. Lo último que se supo de Ariadna Fernanda es que llegó al departamento de Rautel ‘N’, pareja de Vanessa ‘N’, en compañía de unos amigos.","Title":"Justicia para Ari: Con marcha, exigen avances en la investigación del feminicidio","PublishedDate":1691700007,"Keywords":["feminicidios","monserrat juarez","feminicidio en mexico","monserrat","milagro","feminicidio edomex"]}