{"Id":"450297","Author":"Luciano Vázquez","Content":"La Fiscalía de Guanajuato imputó por feminicidio a Miguel de Jesús ‘N’ por el crimen en agravio de Milagros Monserrat, ocurrido el pasado jueves 10 de agosto en la ciudad de León.En la audiencia inicial realizada este domingo, el Juez de Control determinó vincular a proceso penal al detenido y le dictó la medida cautelar de prisión preventiva, por el delito imputado por el Ministerio Público.En tanto, la defensa del imputado pidió duplicidad de término constitucional.A través de un tuit, la Fiscalía de Guanajuato informó que la audiencia judicial se reanuda el viernes 18 de agosto.El asesinato de Milagros MonserratMilagros Monserrat, de 40 años, fue asesinada de al menos cinco puñaladas, en León, Guanajuato.La victima fue atacada el jueves 10 de agosto, en el día de su cumpleaños.Intento de feminicidio en Guanajuato: Detienen a hombre que prendió fuego a su madreMilagros salió temprano para ir a trabajar y a media cuadra de su casa fue asesinada por un hombre que la perseguía metros atrás.Los hechos ocurrieron minutos antes de las 7:00 horas en la calle Lago de Zumpango casi esquina con Lago de Chapala, en la colonia Granada, en la ciudad de León.De acuerdo al reporte de la Secretaría de Seguridad Ciudadana de León, Milagros se dirigía a su trabajo como cajera de una tienda Walmart, ubicada sobre Bulevar Insurgentes.A media cuadra de su casa fue atacada por un hombre que portaba un arma blanca, con la que atacó a Milagros en al menos cinco ocasiones.El sujeto la apuñaló primero a la altura del pecho y luego en el abdomen y a pesar de que la mujer pedía a gritos ayuda, nadie salió en su auxilio.El agresor escapó a pie del lugar de los hechos y sin llevarse el teléfono celular o la bolsa de su víctima que dejó sin vida en la vía pública.Se sabe que antes del crimen, Milagros le marcó a su mamá por teléfono diciéndole que la venían persiguiendo. Atrás de ella, en la calle Lago de Zumpango, en la colonia Granada, venía Miguel, su agresor.Cámaras de seguridad captaron el momento en que Milagros fue apuñalada. Las imágenes, que rápidamente se viralizaron en las redes sociales, muestran a un hombre atacándola sin piedad.El agresor fue identificado gracias a la videograbaciónEl hombre fue identificado como Miguel ‘N’, vecino de la colonia Moderna, que se trasladó varias cuadras de su casa para ir a agredir a su víctima.El agresor fue detenido la noche del pasado viernes 11 de agosto en la Ciudad de Guanajuato a donde escapó tras presuntamente cometer el crimen.El detenido dijo llamarse Miguel de Jesús ‘N’, de 29 años.“Sí soy, estoy arrepentido y quiero un abogado”, dijo Miguel de Jesús ‘N’ al momento de ser capturado por la Policía Municipal.","Title":"Imputan por feminicidio a atacante de Milagros Monserrat en Guanajuato","PublishedDate":1692010762,"Keywords":["feminicidios","monserrat juarez","feminicidio en mexico","monserrat","milagro","feminicidio edomex"]}