{"Id":"450324","Author":"Luciano Vázquez","Content":"En León, Guanajuato, colectivos feministas se manifestaron este domingo 13 de agosto, para exigir justicia para Milagros Monserrat, la joven asesinada a puñaladas el pasado jueves 10 de agosto.La señora Ernestina Meza, madre de Milagros Monserrat, encabezó la manifestación y exigió la pena máxima para el asesino de su hija.En entrevista con medios locales, Ernestina aseguró que hubo un tercero involucrado en el crimen de su hija, aparte del presunto autor material Miguel de Jesús Octavio ‘N’, ya detenido y preso en la cárcel, aunque la madre de Milagros dio nombres ni detalles de ese cómplice.Por su parte, Érika Meza, una de los siete hermanos de Milagros Montserrat, reiteró que su exigencia para el juez es que Miguel de Jesús Octavio ‘N’ sea sentenciado con la máxima penalidad por este feminicidio. ”Nos sentimos mal…nos da un poco de alivio saber que el homicida de Milagros ya está detenido, ahora queremos que nos ayuden a seguir difundiendo porque queremos que el delito sea catalogado como feminicidio y le den la pena máxima a Miguel”, declaró la hermana de Milagros.De acuerdo al Código Penal de Guanajuato la penalidad puede ser hasta 60 años. El artículo 153-a dice textualmente lo siguiente: “Al responsable de feminicidio se le impondrá de treinta a sesenta años de prisión y de trescientos a seiscientos días multa.La mamá de Milagros Monserrat encabezó una marcha, para exigir justicia para su hija. Si concurre con el mismo u otro delito, se acumularán las penas que por cada uno se impongan. La prisión no podrá exceder de setenta años”.Erika dijo que no conocían al presunto asesino de su hermana, y que Milagros Monserrat nunca les hizo saber a su familia que se sintiera con miedo o amenazada. ”Nunca nos dijo que se sentía con miedo o amenazada sobre algún suceso que le haya pasado, no tenemos conocimiento”, reveló.Érika Meza, agradeció a las personas que apoyaron para que pudiera ser detenido el presunto feminicida en tan sólo 38 horas.”Queremos agradecer a las personas que gracias a ellas fue de gran difusión y que hizo posible la detención de esta persona… sí me han platicado que el video está muy fuerte, yo no lo he visto, no tengo el corazón para verlo, sólo me lo han platicado y aún así se me apachurra el corazón.”Nos sentimos muy satisfechos, la verdad, la respuesta fue pronta (...) Tampoco hemos declarado, apenas se dio hoy (domingo) la primera audiencia”, declaró.El asesinato de MilagrosMilagros Monserrat, de 40 años, fue asesinada de al menos cinco puñaladas, en León, Guanajuato.La víctima fue asesinada el jueves 10 de agosto, en el día de su cumpleaños.Milagros salió temprano para ir a trabajar y a media cuadra de su casa fue asesinada por un hombre que la perseguía metros atrás.Los hechos ocurrieron minutos antes de las 7:00 de la mañana en la calle Lago de Zumpango casi esquina con Lago de Chapala, en la colonia Granada, en la ciudad de León.De acuerdo al reporte de la Secretaría de Seguridad Ciudadana de León, Milagros se dirigía a su trabajo como cajera de una tienda Walmart, ubicada sobre Bulevar Insurgentes.A media cuadra de su casa fue atacada por un hombre que portaba un arma blanca, con la que atacó a Milagros en al menos cinco ocasiones. El sujeto la apuñaló primero a la altura del pecho y luego en el abdomen y a pesar de que la mujer pedía a gritos ayuda, nadie salió en su auxilio.El agresor escapó a pie del lugar de los hechos y sin llevarse el teléfono celular o la bolsa de su víctima que dejó sin vida en la vía pública. Se sabe que antes del crimen, Milagros le marcó a su mamá por teléfono diciéndole que la venían persiguiendo.A trás de ella, en la calle Lago de Zumpango, en la colonia Granada, venía Miguel, su agresor.Cámaras de seguridad captaron el momento en que Milagros fue apuñalada. Las imágenes, que rápidamente se viralizaron en las redes sociales, muestran a un hombre atacándola sin piedad.El agresor fue identificado gracias a la videograbación.El hombre fue identificado como Miguel ‘N’, vecino de la colonia Moderna que se trasladó varias cuadras de su casa para ir a agredir a su víctima. El agresor fue detenido la noche del pasado viernes 11 de agosto en la Ciudad de Guanajuato a donde escapó tras cometer el crimen.El detenido dijo llamarse Miguel de Jesús Octavio Olivares Córdova, de 29 años, con domicilio en la colonia Moderna, en la ciudad de León.”Sí soy, estoy arrepentido y quiero un abogado”, dijo Miguel de Jesús Octavio ‘N’ al momento de ser capturado por la Policía Municipal.","Title":"Mujeres gritan justicia por el feminicidio de Milagros en León, Guanajuato","PublishedDate":1692010687,"Keywords":["feminicidios","monserrat juarez","feminicidio en mexico","monserrat","milagro","feminicidio edomex"]}