{"Id":"450554","Author":"Luciano Vázquez","Content":"La Fiscalía General de Guanajuato no descartó que haya un autor intelectual en el caso de Milagros Monserrat, la mujer que fue asesinada en León, el pasado 10 de agosto.El fiscal Carlos Zamarripa Aguirre afirmó este martes que no se puede obviar lo manifestado por la familia de Milagros, quienes han señalado que hubo un cómplice en el crimen.“No podemos descartar absolutamente ninguna hipótesis. Lo cierto es que él (Miguel de Jesús Octavio ‘N’) es el autor material y estaremos esperando la resolución”, dijo el fiscal Carlos Zamarripa.Milagros Monserrat cumplió 40 años el mismo día en que Miguel de Jesús Octavio ‘N’ la asesinó.Un video del hecho generó la indignación de la comunidad nacional e internacional que exigió justicia para la mujer de León, Guanajuato.Fue en la mañana del pasado jueves 10 de agosto cuando Milagros Monserrat fue alcanzada por Miguel, quien según las imágenes de un video la ataca con un arma blanca en al menos cinco ocasiones.Agreden a el director de Seguridad Pública de Villagrán, GuanajuatoMilagros se dirigía a trabajar como cajera de una tienda Walmart, cuando fue asesinada en calles de la colonia Granada.Tras el crimen, el agresor escapó a la ciudad de Guanajuato, pero se entregó a las autoridades la noche del pasado viernes 11 de agosto, según lo confirmó la Fiscalía del Estado.Ernestina Meza -madre de la joven asesinada-, encabezó una manifestación el fin de semana pasado para exigir justicia para su hija y exigió la pena máxima para el presunto homicida.Sin embargo, Ernestina también aseguró que hubo un segundo involucrado en el crimen de su hija, aparte del presunto autor material Miguel de Jesús Octavio ‘N’.La madre de la víctima afirmó que existe otro video del ataque contra su hija, en el que se observa que Miguel ‘N’ recibió una llamada minutos antes de apuñalar en cinco ocasiones a Milagros Monserrat.“Fue a dos cuadras de mi casa, ella iba a trabajar. Pero ya la estaba esperando (Miguel ‘N’). Antes de que le hiciera esto, él recibió una llamada, se ve en el video, como diciéndole que ahí iba ya. Hay alguien detrás”, aseguró.Al fiscal Carlos Zamarripa, se le preguntó si lo del otro implicado que dijo la mamá de Milagros es una línea de investigación de la Fiscalía del Estado y respondió “no tenemos descartado absolutamente nada y no descartaremos nada hasta que no tengamos certeza de ello.“Estamos esperando que la juez de control resuelva. Hemos presentado la imputación correspondiente por el delito de feminicidio y aguardaremos la decisión de vinculación a proceso por este delito”, señaló el Fiscal.Se le preguntó también al Fiscal del Estado por qué se le imputó el delito de feminicidio al presunto feminicida, y respondió que se debe al hecho de que encuadra en dos de las hipótesis del delito: tanto por las lesiones que se le infirieron como por estar en la vía pública.Asesinan a otra mujer en LeónUna mujer fue asesinada a balazos este martes en León, Guanajuato.La víctima, identificada como Luz, fue asesinada por un hombre que irrumpió en su casa, la buscó y al tenerla de frente le disparó varias ocasiones.Este asesinato ocurre a cinco días del crimen de Milagros Monserrat, que fue asesinada de al menos cinco puñaladas.De acuerdo al reporte de las autoridades, un hombre armado irrumpió un domicilio de la colonia León I para asesinar a una mujer identificada como Luz, de aproximadamente 35 años.El crimen se registró cerca de la 13:30 horas de este martes 15 de agosto de 2023, en una casa de la calle Joaquín Soto, en la colonia León I.Tras la agresión, el responsable huyó en dirección hacia la colonia Presidentes de México.Paramédicos acudieron al lugar y al dar los primeros auxilios a Luz, ya nada pudieron hacer por ella.","Title":"Feminicidio de Milagros Monserrat: Sospechan que hay otro involucrado; asesinan a otra mujer en León","PublishedDate":1692150675,"Keywords":["feminicidios","monserrat juarez","feminicidio en mexico","monserrat","milagro","feminicidio edomex"]}