{"Id":"451717","Author":"Quadratín","Content":"La Fiscalía General de Justicia de la Ciudad de México (FGJCDMX) informó este sábado sobre la vinculación a proceso con prisión preventiva contra Giovanni ‘N’, acusado en el caso del feminicidio de la joven Ivana Huato.La dependencia consideró esta decisión como un “hecho sin precedente”, ante el feminicidio y robo agravado en contra de Ivana. Esto se debe a que el Ministerio Público solicitó que el caso fuera reclasificado como feminicidio, luego de investigarse como desaparición.En un hecho sin precedente, la #FiscaliaCDMX logró vinculación a proceso con prisión preventiva de Giovanni “N”, por su probable participación en feminicidio y robo agravado, luego que el Ministerio Público solicitó la reclasificación del delito de desaparición #JusticiaParaIvana pic.twitter.com/vcHAok7xre— Fiscalía CDMX (@FiscaliaCDMX) August 27, 2023\n\nMás temprano este sábado, la Fiscalía capitalina informó sobre la aprehensión de Giovanni ‘N’ por la desaparición de la joven, quien fue hallada sin vida en Tlaxcala.El sujeto fue puesto a disposición de las autoridades en el Reclusorio Preventivo Varonil Norte.El 25 de agosto, el detenido y una mujer, quien fue identificada como su madre, fueron vinculados a proceso. Esto luego de que el MP de la Fiscalía de Investigación Estratégica del Delito de Robo de Vehículos y Transporte les formuló imputación por su probable participación en los delitos de encubrimiento por receptación y contra la salud, en su modalidad de narcomenudeo posesión con fines de comercio; al imputado, además, se le inició proceso por posible cohecho.Desaparición de personas en México: Estela, María y Karen son buscadas en GuanajuatoLas dos personas fueron detenidas cuando viajaban a bordo de un auto con reporte de robo, que era propiedad de Ivana Huato.¿Qué sabemos sobre la desaparición y muerte de Ivana Huato Becerra?Las autoridades han reportado que, según la investigación, Ivana Huato salió de su domicilio el 19 de agosto, a bordo de su vehículo, y habría vuelvo cerca de las 05:10 horas del día siguiente. Minutos después de esto, dejó de tener actividad telefónica.Se identificó que, luego de que se presentara la ausencia de la joven, Rodolfo Giovanni ‘N’ se trasladó a Tlaxcala a bordo del auto de ella.El 24 de agosto, un cuerpo con las características de la joven fue hallado sin vida en Tlaxcala. La tarde de ese jueves, la familia de Ivana identificó el cuerpo.Al día siguiente, el viernes 25 de agosto, la SSC informó sobre la detención de dos personas por el caso.","Title":"Caso de Ivana Huato es reclasificado como feminicidio: Giovanni ‘N’ es vinculado a proceso","PublishedDate":1693106484,"Keywords":["feminicidios","monserrat juarez","feminicidio en mexico","monserrat","milagro","feminicidio edomex"]}