{"Id":"452589","Author":"Redacción","Content":"Einar Juan “N” fue detenido por personal de la Fiscalía de la CDMX, con el apoyo de la Fiscalía General del Estado de México, por su presunta participación en el feminicidio de Ana Cristina, en enero pasado, en la colonia Narvarte, de la alcaldía Benito Juárez.Einar Juan arrojó a su pareja de un vehículo en movimiento, en la colonia Narvarte. Posteriormente, el sujeto se refugió en la localidad de Ahuacatitlán, municipio de Temascalcingo José María Velasco, en el Estado de México.El Ministerio Público de la Fiscalía de Investigación del Delito de Feminicidio recabó los datos de prueba que permitieron obtener el mandamiento judicial y presentar ante un juez de control a Einar Juan ‘N’”, informó la fiscal, Ernestina Godoy, en conferencia de prensa.Los hechos ocurrieron el 30 de enero pasado, cuando Ana Cristinala viajaba con Einar Juan “N” a bordo de una camioneta. Luego de una discusión y mientras el vehículo se encontraba en movimiento, esta persona presuntamente arrojó por la puerta del copiloto a su pareja sentimental, lo que provocó su muerte.Tras su detención, en la localidad de Ahuacatitlan, personal de la fiscalía trasladó a Juan ‘N’ a la Ciudad de México, donde fue ingresado al Reclusorio Oriente.Fiscalía de CDMX lleva a proceso a 126 personas por delitos contra las mujeresErnestina Godoy también informó del cumplimiento de 36 órdenes de aprehensión, así como 90 detenciones en flagrancia, “llevamos a proceso a 126 personas imputadas de diversos delitos en contra de niñas, adolescentes, mujeres y adultas mayores”.Fiscalía de CDMX dicta prisión preventiva a Uriel Carmona, fiscal de MorelosCincuenta y nueve personas fueron vinculadas por violencia familiar; 37 personas por abuso sexual; diez por violación; siete personas por feminicidio y cuatro más por tentativa de feminicidio, detallóPor el delito de acoso sexual, la Fiscalía imputó a seis personas, y por los delitos de trata de personas, tentativa de violación y contra la intimidad sexual, uno en casa caso.","Title":"Feminicidio de Ana Cristina: Cae presunto novio de la joven que habría arrojado su cuerpo desde un auto","PublishedDate":1693879592,"Keywords":["feminicidios","monserrat juarez","feminicidio en mexico","monserrat","milagro","feminicidio edomex"]}