{"Id":"453104","Author":"Redacción","Content":"La Fiscalía General de Justicia de la Ciudad de México informó este viernes que ha cumplimentado otra orden de aprehensión contra Uriel ‘N’, fiscal de Morelos, quien se encuentra detenido. En esta nueva orden, el funcionario es señalado como posible auxiliador en el delito de feminicidio en contra de la joven Ariadna Fernanda.El vocero de la autoridad de la CDMX, Ulises Lara, explicó que Uriel Carmona, frente a la Fiscalía de Morelos, firmó un protocolo de actuación ante los casos de feminicidio.“No obstante, luego de conocer del feminicidio de la joven Ariadna Fernanda, posiblemente no aplicó el citado protocolo y además, como es del conocimiento público, hizo diversas declaraciones en las que hizo patente que se encontraban ante ‘hechos atípicos’ del delito de feminicidio. Ese desvío de la información posiblemente se tradujo en ayuda para los activos del delito, Rautel y Vanessa ‘N’ dado que su intención no era otra que evitar que fueran investigados por ese hecho”, puntualizó Lara en un mensaje a medios este viernes.También dijo que hubo una pretendida ayuda a los presuntos responsables del feminicidio, por ello, a Uriel ‘N’ se le considera presunto auxiliador.Lara también recordó que la autopsia realizada al cuerpo de la joven por parte de la Fiscalía de Morelos arrojó resultados que no correspondían con la realidad.Agentes de la @PDI_FGJCDMX cumplimentaron, en reclusión, una nueva orden de aprehensión en contra de Uriel “N”, por su posible participación en la comisión del delito de feminicidio, en su calidad de auxiliador. Para la #FiscalíaCDMX es prioritario continuar con esta…— Fiscalía CDMX (@FiscaliaCDMX) September 8, 2023 El fiscal de Morelos fue detenido el pasado 4 de agosto en su casa por parte de agentes de la CDMX, acusado por delitos cometidos contra la Procuración y Administración de Justicia.Detienen a Fernando ‘N’, hombre ligado al homicidio de un chofer de la ruta México-TizayucaEn agosto, la Fiscalía de la CDMX defendió que Carmona habría retardado la aplicación de la justicia durante la investigación del asesinato de Ari.Ariadna Fernada fue localizada sin vida el 31 de octubre de 2022, en la carretera La Pera-Cuautla, municipio de Tepoztlán, Morelos. Había sido reportada su desaparición luego de que saliera con un grupo de amigos en La Condesa, Ciudad de México.La Fiscalía de Morelos tomó el caso debido a que su cuerpo fue hallado en dicho estado.","Title":"Feminicidio de Ariadna Fernanda: Uriel ‘N’ es señalado como posible auxiliador del delito","PublishedDate":1694221202,"Keywords":["feminicidios","monserrat juarez","feminicidio en mexico","monserrat","milagro","feminicidio edomex"]}