{"Id":"454818","Author":"Redacción","Content":"La joven Montserrat Juárez Gómez -cuyo cuerpo fue encontrado en un departamento de la colonia Anáhuac en la alcaldía Miguel Hidalgo- fue apuñalada y asfixiada, aseguró Armando Juárez, padre de la víctima.En entrevista con Telediario, el señor Armando desmintió la versión de los elementos del Escuadrón de Rescate y Urgencias Médicas (ERUM), quienes afirmaron que la joven de 25 años murió por causas naturales, ya que el cuerpo de su hija presentaba signos de violencia.“Ahorita estamos dándole su cristiana sepultura a mi hija. Por el momento, nada más el día de ayer me informaron que ya había encontrado a mi hija; desafortunadamente la encuentran muerta (…) Pasamos a la hora de yo ir a identificar el cuerpo de mi hija: la encuentro con moretones, la encuentro apuñalada, la encuentro con signos de ahorcamiento”, dijo al canal de televisión.Feminicidas de Montserrat JuárezLa Fiscalía General de Justicia de la Ciudad de México (FGJCDMX) abrió una carpeta de investigación por el presunto feminicidio de Montserrat Juárez Gómez, ocurrido el pasado 22 de septiembre en un departamento de la colonia Anáhuac, en la alcaldía Miguel Hidalgo.En una tarjeta informativa, la institución señaló que por estos hechos un hombre es investigado.Si bien no compartió el nombre del señalado, la Secretaría de Seguridad Ciudadana (SSC) informó el domingo que detuvo a un sujeto en posesión de droga y a otro por impedir la detención y agredir a elementos.Ayyselet Gutiérrez, víctima de intento de feminicidio en CDMX, exige que capturen a su agresor Tras un cruce de información, se tuvo conocimiento que los detenidos coincidían con personas presuntamente relacionadas con el feminicidio de Montserrat.Los implicados son Alejandro “N” de 27 años y su padre César “N”, de 54 años.César “N” es supuestamente es el mismo hombre que se contactó con las autoridades el pasado 22 de septiembre, luego de haber reportado que su nuera se había “desvanecido”, ya que padecía de trastornos alimenticios y respiratorios.Sin embargo -de acuerdo con el padre de Montserrat- actualmente solo hay una persona detenida por el feminicidio de su hija.“No se vale que estén detenidos dos individuos, la pareja y el padre del feminicida, y ahora me digan que nada más hay uno detenido. Yo digo que deben de hacer justicia y deben de detener a las personas para que hagan justicia por mi hija”, dijo el señor Armando a Telediario.ERUM mintió sobre causa de muerte de MonserratLos paramédicos del Escuadrón de Rescate y Urgencias Médicas (ERUM) que arribaron al sitio diagnosticaron a la mujer sin signos vitales y “sin signos de violencia”, por lo que autorizaron que su familiar se hiciera cargo de los trámites funerarios.La SSC aclaró la situación luego de que en redes sociales circulara un video donde se observa a un oficial y a un hombre descender el cuerpo de la mujer en su domicilio ubicado en Lago de Chalco de la colonia Anáhuac.#Cdmx|| Cámara de seguridad captó el momento en que el cadáver de #Monserrat de 25 años, víctima de #feminicidio , era bajado por 3 sujetos, uno de ellos policía.Su cuerpo fue sacado de manera inusual, no se acordonó la vivienda y no hubo policías de investigación. pic.twitter.com/xAIt5lUV34— Jimena Mora * (@JimePmora) September 26, 2023\n\nLa SSC aclaró la situación luego de que en redes sociales circulara un video donde se observa a un oficial y a un hombre descender el cuerpo de la mujer en su domicilio ubicado en Lago de Chalco de la colonia Anáhuac.Sin embargo, personal de la Fiscalía de Investigación del Delito de Feminicidio se presentó al lugar para recuperar y trasladar los restos de la víctima al Instituto de Ciencias Forenses (Incifo), a fin de practicarle la necropsia de ley, que determine la causa de la muerte.","Title":"Feminicidio de Monserrat Juárez: Padre de la víctima asegura que fue ‘apuñalada y asfixiada’","PublishedDate":1695745507,"Keywords":["feminicidios","monserrat juarez","feminicidio en mexico","monserrat","milagro","feminicidio edomex"]}