{"Id":"454999","Author":"Redacción","Content":"En medio de las investigaciones por el feminicidio de Montserrat Juárez, la joven cuyo cuerpo fue encontrado en un departamento de la colonia Anáhuac, en la alcaldía Miguel Hidalgo, las autoridades capitalinas informaron que los policías y paramédicos involucrados en el caso fueron suspendidos mientras se realizan las indagatorias.Así lo dio a conocer Pablo Vázquez, secretario de Seguridad Ciudadana de la CDMX, quien en conferencia de prensa detalló que los elementos fueron llamados a declarar por el área de Asuntos Internos.“Desde el primer momento se inició, dentro de la Secretaría de Seguridad Ciudadana, una investigación de parte del área de Asuntos Internos, todas las personas involucradas, personal colaborador del ERUM, el personal de Operación Policial que participó han sido y están siendo llamados a comparecer ante las instancias de Asuntos Internos.”, indicó el funcionario.En este sentido, Vázquez destacó que todo el personal que participó “ha sido suspendido en tanto se determina y se deslinda su responsabilidad en los hechos”. Asimismo, indicó que todavía se investiga si los involucrados actuaron conforme al protocolo, ya que de no ser así, podrían haber incurrido en una conducta delictiva.“Se va a verificar si se cumplió el protocolo y aparte, si además hubo alguna conducta delictiva en todo el actuar de las personas involucradas y se tomarán las acciones correspondientes”, explicó.ERUM habría mentido sobre la causa de muerteDe acuerdo con los paramédicos del Escuadrón de Rescate y Urgencias Médicas (ERUM), Monserrat ya no tenía signos vitales cuando llegaron al lugar de los hechos. Ahí determinaron que tampoco había huellas de violencia, por lo que concluyeron que su muerte se debió a causas naturales y autorizaron a los familiares a hacerse cargo de los trámites funerarios.Esto sabemos del feminicidio de Ali Jasel, doctora del IMSS, en Baja California SurSin embargo, el padre de la joven, Armando Juárez, dijo a los medios que su hija fue asfixiada y apuñalada y desmintió la versión del ERUM. “Pasamos a la hora de yo ir a identificar el cuerpo de mi hija: la encuentro con moretones, la encuentro apuñalada, la encuentro con signos de ahorcamiento”, dijo en entrevista con Telediario.Montserrat Juárez Gómez había sido reportada como desaparecida en el Estado de México desde julio de 2022 por sus familiares. Según dio a conocer la Fiscalía de la Ciudad de México, la necropsia de ley determinó que la causa de muerte de la joven fue un traumatismo múltiple.#Cdmx|| Cámara de seguridad captó el momento en que el cadáver de #Monserrat de 25 años, víctima de #feminicidio , era bajado por 3 sujetos, uno de ellos policía.Su cuerpo fue sacado de manera inusual, no se acordonó la vivienda y no hubo policías de investigación. pic.twitter.com/xAIt5lUV34— Jimena Mora * (@JimePmora) September 26, 2023 ¿Qué ha pasado con los feminicidas de Monserrat Juárez?Vázquez reiteró que por estos hechos, ya hay dos personas detenidas que estarían relacionadas con el asesinato de la joven: Sean ‘N’, de 27 años y César ‘N’, de 54 años, a quienes se les señala como el novio y el suegro de Montserrat.Hasta ahora se sabe que Sean era la pareja sentimental de Monserrat, además de contar con dos denuncias por violencia familiar interpuestas por dos parejas anteriores. En tanto, César ‘N’ es supuestamente el mismo hombre que contactó a las autoridades el pasado 22 de septiembre, luego de reportar que su nuera se había “desvanecido”, ya que padecía de trastornos alimenticios y respiratorios.Esta tarde, un juez de control determinó dejar en prisión preventiva justificada a padre e hijo, luego de determinar que su detención por delitos contra la salud fue legal. A ambos se les habría encontrado en posesión de diferentes dosis de droga al momento de su captura.El caso de Montserrat Juárez tomó relevancia el pasado 24 de septiembre, tras la difusión de un video en el que se ve a un elemento de la policía, junto con otros dos hombres, manipular un cuerpo para bajarlo por las escaleras.","Title":"Feminicidio de Montserrat Juárez: Suspenden a policías y paramédicos involucrados en el caso","PublishedDate":1695861398,"Keywords":["feminicidios","monserrat juarez","feminicidio en mexico","monserrat","milagro","feminicidio edomex"]}