{"Id":"463863","Author":"Ana Osorio","Content":"En plena Noche Buena una mujer fue asesinada por su propio hijo en el municipio de Ángel R Cabada, en la zona sur de Veracruz. El sujeto Abdiel García buscó a su madre a través de redes sociales con una publicación que muchas personas compartieron y finalmente la encontró y llegó a la comunidad de Panatlán donde ella vivía. La noche del 24 de diciembre, vecinos los vieron discutiendo y finalmente él cometió el feminicidio al golpearla con una piedra hasta que ella perdió la conciencia y después él se dio a la fuga sin que hasta el momento se conozca cuál es su paradero.Los vecinos de la mujer, María Esther López González, quien tenía 62 años, intentaron auxiliarla y llamaron a las unidades de emergencia, pero cuando llegaron ella ya no tenía signos vitales, por lo que finalmente fue declarada muerta.Policía municipal busca al feminicidaAl sitio llegaron elementos policiacos quienes acordonaron la escena hasta que la unidad de Servicios Periciales llegó para hacer el levantamiento del cuerpo y la toma de elementos de prueba.Elementos de la Policía tanto municipal como estatal hicieron un recorrido en la zona intentando encontrar al sujeto, pero no fue localizado, aunque al estar plenamente identificado se espera que puedan encontrarlo. La Navidad se tiñe de rojo: 65 personas fueron asesinadas en México el 24 de diciembreEl cuerpo de María Esther fue llevado a la Unidad Forense de Catemaco, donde será entregado a la familia, tras las diligencias de ley. Diversas páginas de redes sociales han dado cuenta de la publicación en que el ahora feminicida estuvo buscando a su familia y donde se señala que él se encontraba viviendo en Sonora, mientras que a su mamá la ubicaba en el municipio de Ángel R. Cabada donde vivió hasta su asesinato.Cabe señalar que hasta el término del mes de noviembre se habían registrado 53 feminicidios en Veracruz, de acuerdo con el Observatorio Universitario de Violencia contra las Mujeres de la Universidad Veracruzana. Además, el observatorio registró 73 homicidios de mujeres, 816 desapariciones y 364 agresiones contra ellas. ","Title":"Feminicidio en Veracruz: Hombre mata a su madre en Nochebuena tras una discusión","PublishedDate":1703539668,"Keywords":[]}