{"Id":"467233","Author":"Eulalio Victoria / Corresponsal","Content":"Samuel Concepción José Hernández, acusado de feminicidio y homicidio calificado, fue sentenciado a 215 años y 10 meses de prisión.El pasado 4 de junio de 2022, el hombre arribó a un inmueble ubicado en calle Oriente, colonia Avándaro, en el municipio de Valle de Chalco, en el Estado de México, donde se encontraba su expareja sentimental, una joven de 29 años, así como la abuela de ésta, y tres personas más, dos de ellas menores de edad.En el lugar, atacó con un arma punzocortante a la abuela de la joven y expareja sentimental, ocasionándole la muerte. De igual forma, agredió a las otras cuatro personas que estaban en el sitio, quienes resultaron lesionadas, por lo que fueron trasladadas a un hospital donde recibieron atención médica.Tras los violentos hechos, la Fiscalía mexiquense inició la investigación, “y con el avance en la misma fue posible identificar al implicado, quien tras cometer el ataque huyó al estado de Coahuila para evadirse de la acción de la justicia.”Por ello, el Agente del Ministerio Público, al identificar el lugar donde se encontraba este individuo, solicitó la colaboración de la Fiscalía de Coahuila para incursionar en su territorio; por ello Samuel Concepción José Hernández fue detenido en esa entidad en el mes de febrero de 2023″, confirmaron las autoridades estatales.Tras su detención, los delitos que le imputaron fue por feminicidio, feminicidio en grado de tentativa y homicidio calificado en grado de tentativa. Mujeres con Bienestar 2024: ¿Cuándo entregarán las tarjetas de la segunda ronda? Luego de revisar las pruebas recabadas, aportadas y expuestas por el Agente del Ministerio Público de la Fiscalía del Estado de México, un juez con sede en el municipio de Chalco, dictó la sentencia de condena para el acusado, y le fijó multa de 481 mil 100 pesos y 2 millones 112 mil 909 pesos como reparación del daño moral.","Title":"Samuel ‘N’ recibe 215 años de prisión por el feminicidio de su expareja en Edomex","PublishedDate":1706764836,"Keywords":["feminicidios","monserrat juarez","feminicidio en mexico","monserrat","milagro","feminicidio edomex"]}