{"Id":"469305","Author":"M.  Albert Hernández","Content":"VILLAHERMOSA, Tabasco.- El pasado 17 de febrero, la joven Damariz Osorio salió de su casa y ya no regresó, por lo que sus familiares denunciaron su desaparición ante la Fiscalía General del Estado (FGE), que emitió una alerta Alba. Este jueves se ha informado sobre el hallazgo de su cuerpo.Cinco días después de que su familia la viera por última vez, el cuerpo de Damariz fue encontrado dentro de una bolsa negra. Esta fue abandonada a los pies de una escalera ubicada dentro de una cuartería de la calle Buenavista, de la colonia Atasta, en Villahermosa.Fueron los vecinos los que reportaron la bolsa, de la que salía sangre y que emanaba olores fétidos, por lo que rápidamente llamaron a la Policía Estatal. La zona donde fue encontrada la mujer fue acordonada por peritos de la FGE, pero antes, muchos curiosos tomaron fotos de la escena.La joven de 24 años se graduó apenas el año pasado de la Universidad Tecnológica de Tabasco. Un tatuaje con la silueta de dos gatos y tres corazones fueron suficientes para que su familia la reconociera.Damariz amaba a esos animales, según compartieron algunos de sus amigos en redes sociales, donde ofrecieron sus condolencias a los familiares y pidieron respeto por su memoria.En la misma colonia donde fue hallado el cuerpo de la joven, a unas tres cuadras, el pasado 13 de febrero fueron ejecutadas a balazos dos personas en una vivienda en la que presuntamente se vendía droga.San Miguel Totolapan: ¿Qué sabemos sobre la masacre en Guerrero donde murieron 12 personas?En enero se registraron cuatro muertes violentas de mujeres en TabascoSegún datos de la FGE, este sería el segundo feminicidio del año, pues en enero se abrió una carpeta de investigación por otro caso; sin embargo, también en ese mes la misma autoridad admitió tres casos más de homicidios dolosos en los que las víctimas eran mujeres.Entre los hechos más violentos, el 17 de enero fue localizado en Comalcalco el cuerpo sin vida de una mujer, quien al parecer tenía ficha de desaparecida, desde el 30 de diciembre de 2023. La víctima fue hallada al interior de un tanque en avanzado estado de descomposición, en una vivienda abandonada en Tecolutilla.Asimismo, el 21 de enero fue encontrado el cadáver de una mujer embolsado y encintado en el poblado Chiltepec, Paraíso.Y el pasado 12 de febrero una mujer policía en Macuspana fue asesinada a balazos con su misma arma.Además, el 14 de febrero fue encontrado el cuerpo de Elisa, una mujer trans que fue muerta por arma de fuego en la ranchería Plátano y Cacao, en Centro.","Title":"Feminicidio en Tabasco: Damariz desapareció y fue hallada sin vida cinco días después","PublishedDate":1708649582,"Keywords":["feminicidios","monserrat juarez","feminicidio en mexico","monserrat","milagro","feminicidio edomex"]}