{"Id":"469799","Author":"Redacción","Content":"En las últimas horas, Anabel Hernández se ha hecho tendencia en redes sociales luego de que una cuenta falsa con el nombre de la periodista informara sobre un supuesto atentado en su contra.Anabel Hernández no tiene una cuenta oficial en X; no obstante, fue en esa red social donde la cuenta @AnabelHdezGarci, que tiene una foto de la periodista, se difundió un mensaje en el cual realizaba la supuesta denuncia.“Hola buenas noches, acabo de ser víctima de un atentado, venían a matarme, tengo mucho miedo. Les estaré dando más detalles en cuanto me encuentre en un lugar seguro”, decía la publicación. En tan solo unos minutos, algunos usuarios compartieron la publicación y pidieron darle atención. Uno de ellos fue el expresidente Felipe Calderón, quien compartió la publicación, pero cuestionó si esa cuenta era auténtica. Ese mensaje también fue replicado y criticado debido a que señalaron al exmandatario por compartir información falsa, sobre todo cuando se confirmó que había sido mentira.  El exdiputado Fernando Belaunzarán también compartió la publicación y afirmó que el hecho era “Gravísimo”. Issabela Camil defiende a Sergio Mayer de acusaciones de Anabel Hernández: ‘Es pura mentira’El senador Emilio Álvarez Icaza también compartió la publicación y etiquetó al Gobierno de México para pedir atención ante la denuncia de Anabel Hernández. “De ser cierta la cuenta de la periodista y los hechos que narra, se debe investigar”, agregó, pero después eliminó el mensaje y reconoció que el mensaje fue borrado debido a que la información no era cierta, pero expresó su solidaridad con la periodista. Lo que realmente pasó con la periodista Anabel Hernández Durante la conferencia matutina de este miércoles, el presidente Andrés Manuel López Obrador confirmó que se trató de una publicación falsa, respecto al atentado contra Anabel Hernández. El mandatario admitió que se preocupó, pero dijo que no por ella sino porque culparían al Gobierno. “Ayer que vi lo de esa señora me preocupó, imagínense, le pasa algo, pero de inmediato nos culpan a nosotros y para culparnos podrían hacer una cosa así, porque hay gente sin escrúpulos morales de ninguna índole, de malas entrañas, entonces tenemos que cuidar a todos”, detalló López Obrador. AMLO agregó que no son represores y calificó esos hechos como “tiempo de zopilotes” debido a la desinformación que ocurre en tiempos electorales y se sumó a las críticas de quienes cayeron en la noticia falsa. ","Title":"¿Qué políticos cayeron en la noticia ‘fake’ del atentado contra la periodista Anabel Hernández?","PublishedDate":1709149642,"Keywords":["encuesta claudia vs xochitl","voto 2024 encuestar","noticia de presupuesto","salarios nominal","pago días festivos","galvez encuestar"]}