{"Id":"469832","Author":"Redacción","Content":"La noche del jueves pasado, tres integrantes de la agrupación Los Rivales del Norte fueron privados de su libertad y posteriormente asesinados por un grupo de diez hombres armados en Ensenada, baja California, tras asistir a un funeral.Alan Herrera Beltrán, Patricio Niebla y Cesáreo Niebla fueron los integrantes atacados hace unos días, aunque otro hombre que no pertenecía al grupo, llamado Demetrio Vega Salgado, también murió en el atentado a la banda. Esto después de que hace unas semanas, en el mismo estado, fue asesinado ‘Chuy’ Montana, una joven promesa de corridos tumbados que sufrió un intento de secuestro y, mientras intentaba escapar, recibió varios impactos con arma de fuego.Grupo musical Los Rivales del Norte habían acudido a un funeral antes de su asesinatoAntes de ser atacados por un grupo armado, los cuatro hombres estuvieron presentes en el funeral de un delincuente asesinado en días pasados en Ensenada, pues la agrupación fue contratada para amenizar el velorio. Esa misma noche, después de presentarse, ‘levantaron’ al grupo y los subieron a camionetas con sujetos que traían armas, lo que provocó que sus familiares solicitaran ayuda a las autoridades.  Integrantes de la banda 'Rivales del Norte' fueron desaparecidos y asesinados después. (Especial)Sin embargo, localizaron al día siguiente, sobre un camino de terracería rumbo al Rancho San Juan, en la delegación Real del Castillo, los cuatro cuerpos de quienes fueron reportados como desaparecidos unas horas antes.¿Cómo murió Griselda Blanco? Así fue el asesinato de ‘La viuda negra’ mientras compraba carneLos restos de los tres músicos y el cuarto hombre que iba con ellos, presentaban huellas de violencia.Fiscalía habla sobre asesinato de músicos de Los Rivales del NorteLa Fiscalía General del Estado de Baja California indicó que la línea de investigación que se está perfilando tras el hallazgo de los cuerpos radica en la disputa que mantienen dos grupos de crimen organizado por la ciudad de Ensenada y sus alrededores.No obstante, desconoce por qué se ha involucrado a agrupaciones de música regional mexicana, que han sido las más propensas a amenazas y atentados en este estado.“Ellos estuvieron tocando en un funeral días antes (de) una persona que estaban velando, que había sido ultimado una semana anterior a ese hecho, es lo más fuerte lo que tenemos ahí que se está viendo en el poblado de Ojos Negros”, comentó el fiscal especializado en delitos, Miguel Ángel Gaxiola.  Los Rivales del Norte era una agrupación conformada por cinco integrantes. (Foto: Facebook / Los Rivales del Norte Oficial) ¿Quiénes son Los Rivales del Norte?Los Rivales del Norte son una agrupación de música norteña originaria de Baja California, donde realizaban distintas presentaciones, sobre todo en Ensenada, ciudad que los vio nacer como banda.Tenían alrededor de 15 años de trayectoria musical, de acuerdo con su página de Facebook, misma en la que dejaron de tener actividad en julio de 2023.Compartieron escenario con otras bandas como Los Jaguares del Norte, Los de la Herradura, Grupo Sultán y Los Canelos de Durango, por mencionar algunos.Entre los sitios donde más tocaban está un bar llamado El Punto, donde precisamente se iban a presentar el viernes 23 de febrero.  Cartel de la última presentación que tendría el grupo Los Rivales del Norte. (Foto: Facebook / ELPUNTOBARENS) Con información de Crisstian Villicaña","Title":"¿Qué le pasó a Los Rivales del Norte, banda de la que 3 integrantes fueron asesinados en Ensenada?","PublishedDate":1709169844,"Keywords":["periodista","juan carlos huerta","periodistas michoacán","pihuamo","periodistas asesinar","jeffery dahmer histori"]}