{"Id":"470235","Author":"Ana Osorio","Content":"El excandidato a presidente municipal de Paso de Ovejas, Policarpio Ramírez Coria, fue asesinado esta tarde en el municipio de La Antigua. Los hechos sucedieron en un restaurante de mariscos de la localidad de Cardel, donde el también hermano del ex alcalde de Paso de Ovejas, Abel Ramírez Coria y primo del dirigente estatal del PRI en Veracruz, Adolfo Ramírez Arana, fue atacado a balazos por parte de sujetos desconocidos. La Fiscalía General del Estado confirmó los hechos a través de un comunicado, en el que señaló que ya iniciaron la carpeta de investigación y se llevan a cabo las diligencias correspondientes. “Se ha iniciado una carpeta de investigación, por el homicidio de un hombre identificado como Policarpio N, quien perdió la vida por proyectil de arma de hecho. Los hechos tuvieron lugar en la calle Felipe Ángeles, sin número, en la colonia Centro, de Ciudad José Cardel del municipio de La Antigua”, indicó el documento. “En el lugar, peritos y agentes ministeriales se encuentran llevando a cabo las diligencias correspondientes según lo establecido por la ley”, señaló. Derivado de estos hechos, la Secretaría de Seguridad Pública implementó el operativo Código Rojo para intentar localizar a los culpables del asesinato, aunque hasta el momento no se reporta que haya personas detenidas. “Tras el reporte de agresión con arma de fuego de una persona, en el exterior de un restaurante ubicado en Cardel, municipio de La Antigua, Fuerzas de Seguridad activan Operativo Código Rojo para dar con los responsables. Elementos de Policía Estatal y Fuerza Civil desplegaron un operativo en la zona para dar con los implicados de estos lamentables hechos.”, señaló.PERFIL: ¿Quién era Policarpio Ramírez? Conocido como ‘Poly’, Ramírez Coria fue un empresario, agricultor y Doctor en Derecho del municipio Paso de Ovejas. En 2021, aspiró a la alcaldía de Paseo de Ovejas. Su hermano, Abel Ramírez fue víctima de un atentado en 2018. En 2023, el político tomó posesión como Secretario de Organización de la Coordinadora Nacional de Organizaciones Cañeras abastecedora del Ingenio El Modelo. ","Title":"Asesinan a Policarpio Ramírez, excandidato a alcalde, en un restaurante en Veracruz","PublishedDate":1709604489,"Keywords":["periodista","juan carlos huerta","periodistas michoacán","pihuamo","periodistas asesinar","jeffery dahmer histori"]}