{"Id":"470465","Author":"Carlos Velazquez","Content":"El secretario general del PAN en el municipio de El Fuerte, Román Quezada Anduaga fue encontrado muerto dentro de su vehículo, en un camino vecinal que conduce a la sindicatura de San Blas.La Fiscalía General del Estado de Sinaloa informó que el cuerpo de Quezada Anduaga presentaba huellas de golpes contusos y una herida punzocortante en el cuerpo, que, además estaba semi desnudo.Vecinos de la comunidad de Macoyahui lo encontraron y dieron aviso a las autoridades, por lo que acudieron policías municipales y confirmaron que se trataba del secretario general del PAN en el municipio de El Fuerte.El cuerpo estaba recostado en el asiento del copiloto con huellas de golpes y una herida punzocortante en el pecho. Según versiones de los vecinos, el funcionario del PAN estuvo discutiendo con otra persona no identificada. Dentro de un vehículo color rojo estacionado junto al estadio de béisbol.¿Quién era Román Quesada?Román Quezada Anduaga, de 36 años, vivía en El Ejido Lázaro Cárdenas, más conocido como Campo Esperanza, perteneciente a la sindicatura de San Blas y pertenecía a la comunidad LGBT.La presidenta del PAN del municipio de Choix, Yoneida Gámez Vázquez, conocida de Anduaga, comentó que apenas el martes 5 de marzo tuvieron una reunión de funcionarios del PAN, en la cual hablaron de las campañas políticas de los candidatos de Sinaloa.Por su parte, Reyna Rosario Medina Cruz, presidenta del PAN en El Fuerte, no pudo hacer comentarios, porque entró en shock, simplemente expresó que tenía mucha amistad con Román y que era una persona muy activa dentro del partido, y era muy estimado por la sociedad del norte de Sinaloa.Los dirigentes panistas expresaron su condena y demandaron a las autoridades que se esclarezca el caso, porque es evidente un homicidio con carácter político, ya que son tiempos electorales.Es el primer caso de posible homicidio que se presenta en Sinaloa en este proceso electoral que se vive en el país.","Title":"Román Quezada, secretario del PAN en El Fuerte, es hallado sin vida; había discutido con un hombre","PublishedDate":1709776662,"Keywords":[]}