{"Id":"472598","Author":"Luciano Vázquez","Content":"Hugo ‘N’ alias el ‘Güero Carmenta’, uno de los líderes de la organización criminal La Unión Tepito, fue asesinado este domingo en Querétaro.De acuerdo al reporte de las autoridades, el líder delincuencial fue asesinado a balazos junto con una mujer que presuntamente era su pareja. Se sabe que la pareja se encontraba dentro de una tienda de abarrotes cuando fueron acribillados.Testigos refieren que al menos un sujeto descendió de un vehículo color blanco e ingresó a la tienda de abarrotes donde disparó a quemarropa a ambas personas y posteriormente se dio a la fuga.Se supo que el hombre recibió varios disparos por la espalda, mientras que la mujer tenía disparos en el pecho.Los disparos del arma de fuego del sicario se confundieron en ese momento con los fuegos artificiales que se detonaban en un templo católico durante la celebración del Domingo de Resurrección.Esto sabemos sobre el asesinato del ‘Güero Carmenta’El doble homicidio se registró la tarde de este domingo 31 de marzo de 2024 dentro de una tienda ubicada en el crucero de la calle Ignacio Allende y Corregidora, en el centro de la comunidad de Los Cues, perteneciente al municipio de Huimilpan, Querétaro.Matan a Guillermo Torres, alcalde morenista de Churumuco, en Morelia, Michoacán   Tras el reporte del ataque, al sitio llegaron cuerpos de emergencia que confirmaron la muerte de la pareja de edad joven.Las autoridades acordonaron la zona y dieron aviso a la Fiscalía del Estado de Querétaro que procesó la escena del crimen para recabar indicios.Los Agentes de la Policía de Investigación del Delito (PID) se trasladaron al lugar de los hechos e iniciaron las primeras pesquisas para identificar a quien o quienes resulten responsables de este doble homicidio.Personal del Servicio Médico Forense trasladó los cuerpos de las víctimas a sus instalaciones para realizar la autopsia e identificación oficial.Las autoridades de Querétaro informaron que al momento no hay personas detenidas por los hechos, sin embargo, dijeron que ya realizan las investigaciones para esclarecer el doble asesinato.Al principio, sólo se informó que las víctimas eran un hombre y una mujer, pero al paso de las horas y de acuerdo a las primeras investigaciones, se logró establecer que el hombre abatido fue identificado como Hugo ‘N’, alias el ‘Güero Carmenta’, uno de los líderes de La Unión Tepito; quién presuntamente tenía una casa en Los Cues, en Huimilpan Querétaro, donde se escondía de las autoridades.El líder criminal fue abatido en Querétaro junto con su pareja, de la que hasta el momento las autoridades se han reservado su identidad.A las dos víctimas se les vincula con un brazo de la organización criminal La Unión Tepito, Cartel Nueva Generación Tepito.Se sabe que Hugo ‘N’ era conocido por varios alias: ‘El Güero Carmenta’, ‘El Güero Loco’ o ‘La Comadreja’. Estaba clasificado como uno de los principales objetivos criminales de la Unión Tepito y era buscado por las autoridades federales desde hace años.Hugo ‘N’ era buscado como responsable de varios hechos de violencia en la Ciudad de México; además de estar implicado en el asesinato de policías capitalinos, pero también se le relacionaba con la comercialización de cocaína y drogas sintéticas.De igual manera, Hugo ‘N’ estaba vinculado con actividades como el secuestro, por lo que era buscado por la Fiscalía General de la República (FGR).","Title":"Asesinan al ‘Güero Carmenta’, uno de los líderes de La Unión Tepito, en Querétaro","PublishedDate":1711982041,"Keywords":["periodista","juan carlos huerta","periodistas michoacán","pihuamo","periodistas asesinar","jeffery dahmer histori"]}