{"Id":"472638","Author":"Luciano Vázquez","Content":"A un día de iniciadas las campañas municipales en Guanajuato, la candidata de Morena a la alcaldía de Celaya, Bertha Gisela Gaytán Gutiérrez fue asesinada. La aspirante fue acribillada en plena vía pública mientras realizaba actos proselitistas. En una grabación en redes sociales se muestra a Gaytán mientras avanza por un tumulto que grita ‘¡Morena, Morena! La mujer cayó al suelo luego de varios disparos.Los hechos ocurrieron en la comunidad San Miguel Octopan. La Fiscalía General del Estado de Guanajuato anunció que tres personas más resultaron heridas.“En el lugar se encuentran Agentes de Investigación Criminal y Peritos forenses, coordinados con análisis de información, acopiando los indicios que lleven a identificar, ubicar y capturar a los responsables”, señaló en un comunicado.¿Quién era Gisela Gaytán Gutiérrez?Bertha Gisela Gaytán Gutiérrez nació en Celaya, Guanajuato. Estudió Derecho y tenía una maestra en Justicia Administrativa.Durante su trayectoria política ocupó distintos cargos en la Contraloría Municipal y la Secretaría del Bienestar. Gaytán fue la consejera estatal del partido Morena con el mayor número de votos en todo Guanajuato.El pasado 29 de febrero, Gisela Gaytán fue designada como candidata de Morena a la alcaldía de Celaya, uno de los municipios más poblados e inseguros de Guanajuato.Diego Sinhue condena asesinato de Gisela GaytánEl gobernador de Guanajuato, Diego Sinhue condenó el asesinato de Gisele Gaytán a plena hora del día. A través de su cuenta X, el mandatario estatal señaló:“No quedará impune el cobarde ataque que le ha arrebatado la vida a la candidata Bertha Gisela Gaytán en Celaya, mi más sentido pésame a los suyos. Con toda firmeza condeno este acto inhumano y reitero todo mi compromiso para que el estado coordine los esfuerzos de todos los niveles de Gobierno en los procesos electorales y así, quienes participen en ellos tengan la protección que sea necesaria. He instruido a los Srios. @JesusOviedoH y @AlvarCdeV atender de manera inmediata, y exijo a la @FGEGUANAJUATO presentar ante la justicia a los responsables”.","Title":"Asesinan a Gisela Gaytán, candidata de Morena a la alcaldía de Celaya, Guanajuato","PublishedDate":1712019724,"Keywords":["periodista","juan carlos huerta","periodistas michoacán","pihuamo","periodistas asesinar","jeffery dahmer histori"]}