{"Id":"472612","Author":"Redacción","Content":"Vontae Davis, estrella de la NFL de Dolphins, murió a los 35 años este 1 de abril, según confirmó la policía. Su fallecimiento fue tan repentino y misterioso como su retiro en 2018, en pleno juego de Bills vs. Los Angeles Chargers, cuando solo no volvió al campo: “Simplemente me pegó una idea. Ya no pertenezco a estar sobre el campo”, dijo en ese entonces.  El exjugador de Buffalo Bills, Indianapolis Colts y Miami Dolphins fue encontrado sin vida en casa de su abuela, ubicada en Southwest Ranches, Florida.El informe policial del Departamento de Policía de Davie (Florida), en Estados Unidos, detalla que agentes atendieron a una emergencia médica de un asistente en la casa donde se encontraba, al sur de Florida. “Estamos desconsolados por el repentino fallecimiento del ex cornerback de los Dolphins ,Vontae Davis, y hacemos llegar nuestro más sentido pésame a su familia y seres queridos durante este difícil momento”, dijeron los Dolphins en un comunicado.“Me entristece mucho enterarme del fallecimiento de Vontae Davis. Un gran tipo, compañero, jugador. Mis oraciones a la familia de Vontae”, lamentó el propietario de los Colts, Jim Irsay, a través de sus redes sociales.Vontae Davis, ex cornerback de la NFL, falleció repentinamente. (Foto: Instagram @vontaedavis). ¿De qué murió Vontae Davis? Según la policía y la oficina de médicos forenses del condado de Broward, Florida, el cuerpo de Davis fue encontrado sin vida en un hecho en el que, dijeron, no implicó ningún acto delictivo. ¿Red Bull le da ‘alas’ a ‘Checo’ Pérez? Helmut Marko dice cuál es la clave para renovarlo o noNo explicaron las razones del fallecimiento, pero la investigación sigue abierta. Hace apenas una semana compartió el lanzamiento de un libro infantil: ”¡Emocionado de compartir mi viaje desde DC hasta donde estoy hoy a través de mi libro infantil firmado! Repleto de lecciones de vida invaluables y gratitud por mi sistema de apoyo”. Miami Dolphins despidieron a Vontae Davis. ¿Quién fue Vontae Davis? Vontae Davis tuvo una carrera de 10 años con los Miami Dolphins, Colts y Buffalo Bills, jugó 121 partidos,  113 como titular, sumó 22 intercepciones, 97 pases desviados y 395 tackleadas. Vontae Davis fue un esquinero, llegó a la NFL seleccionado en la primera Ronda del Draft 2009 por los Dolphins y se quedó con el equipo hasta 2011.Para 2012, el jugador se fue a los Colts en 2012, con quienes vivió sus mejores momentos: Fue seleccionado dos veces al Pro Bowl, antes de jugar sus últimos dos juegos con Buffalo Bills en la campaña del 2018.¿Por qué se retiró Vontae Davis? Su retiro fue abrupto e inusual: sucedió a la mitad del partido ante Los Angeles Chargers de la semana 2 de esa campaña.El esquinero nacido en Washington, D.C., fue titular en la primera mitad, pero no volvió al campo para los dos últimos periodos por decisión propia, informó en aquella ocasión el entrenador en jefe de los Bills, Sean McDermott.“Nos comunicó que había terminado”, dijo el coach sobre lo que Davis le mencionó aquel 16 de septiembre de 2018.Entrevistado por los medios cinco días después, el esquinero reiteró su retiro. “La realidad me golpeó rápido y duro. Fui a la banca después de esa última serie y simplemente me pegó una idea. Ya no pertenezco a estar sobre el campo”, explicó. En Instagram se describía como: “Ex cornerback de la NFL, dos veces Pro Bowler y sensación del retiro de medio tiempo en 2018. Ahora empresario y fundador de Davis Hospitality Group”. Con información de EFE.","Title":"Muere Vontae Davis, estrella de la NFL, a los 35 años: Policía lo halló sin vida en casa de su abuela","PublishedDate":1712001117,"Keywords":[]}