{"Id":"474125","Author":"Redacción","Content":"‘Fofo’ Márquez sumó una polémica más a su historial, pues recientemente fue detenido y vinculado a proceso por tentativa de feminicidio en contra de una mujer llamada Edith ‘N’, a la que habría golpeado en un estacionamiento de Naucalpan, Estado de México el pasado 22 de febrero.Un día después de que se realizara la audiencia de vinculación a proceso, a través de las redes sociales de su abogado Erik Rauda se dio a conocer una carta escrita por su mamá, en donde se disculpa con la mujer a la que agredió Rodolfo, nombre real del joven.Lo anterior causó extrañeza, pues poco se sabe sobre su familia gracias a que el contenido que realiza en redes sociales está enfocado en mostrar su ostentoso estilo de vida con viajes, compra de autos, ropa y calzado de marcas costosas y demás.  'Fofo' Márquez casi no habla de su familia en redes sociales. (YouTube / FOFO MARQUEZ)¿Quién es la familia de ‘Fofo’ Márquez?De lo poco que se sabe sobre la familia de ’Fofo’ Márquez es que estaba conformada por su papá, mamá y su hermano menor, llamado Rodrigo, quien también está muy activo en redes sociales.Sin embargo, su papá falleció hace aproximadamente año y medio, por lo que la mamá y el hermano de Rodolfo son los que actualmente están más cercanos a él, han acudido a las audiencias de su caso y mostrado todo su apoyo.¿Quién es el hermano de ‘Fofo’ Márquez?Por lo que se sabe, el creador de contenido solo tiene un hermano llamado Rodrigo, que actualmente tiene 24 años.Pepe Magaña habla de Rafael Caro Quintero cuando lo conoció en la cárcel: ‘Es un buen hombre’A diferencia de Rodolfo, él no crea contenido específico en redes sociales, pero sí las utiliza frecuentemente. En Instagram, comparte fotos relacionadas con su estilo de vida, además de que muestra su pasión por los viajes y el deporte, sobre todo el running, pues ha participado en algunos maratones y medios maratones.  Publicación de Rodrigo Márquez en Instagram. (Foto: Captura de pantalla) En TikTok hace videos acompañados de algunos amigos subiéndose a audios en tendencia, así como videos populares de dicha red social.Al igual que ‘Fofo’, Rodrigo heredó los negocios de su papá. De acuerdo con lo que dijo el joven hace unos meses en Instagram, estos van marchando bien. En los últimos días, también ha hablado sobre el caso de su hermano, pidiendo respeto para él y su familia.¿Quién es la mamá de ‘Fofo’ Márquez?Hasta el pasado 11 de abril no se sabía nada sobre la mamá de ‘Fofo’ Márquez, pues ni él ni su hermano hablaban de ella o compartían más detalles de su vida en redes sociales.Cuando se hizo público su texto de disculpa hacia Edith, mujer agredida por su hijo, firmó a nombre de Sandra, sin escribir algún apellido.No obstante, en Facebook, el hermano del creador de contenido tiene su nombre completo, que es Rodrigo Márquez Alcaraz, por lo que se asume que el apellido de su mamá es ese. Además, en esta misma red social, el joven compartió una foto con su mamá, quien en Facebook tiene el nombre de Xóchitl Alcaraz.  Publicación de Rodrigo Márquez Alcaraz een Facebook. (Foto: Captura de pantalla) En su perfil, la mamá de ‘Fofo’ Márquez no tiene fotos ni información que puedan decir más de ella.¿Quién fue el papá de ‘Fofo’ Márquez y de qué murió?‘Fofo’ era el hijo homónimo de su papá, quien se llamaba Rodolfo Márquez Flores, y murió el 8 de noviembre de 2022 a causa de un cáncer de pulmón que le fue detectado en etapa 4, es decir, cuando este ya había hecho metástasis en el cuerpo y no había mucho que hacer médicamente hablando.En su momento, tanto ‘Fofo’ como Rodrigo se despidieron de su papá quien fue un exitoso empresario que trabajo en las industrias del calzado y el petróleo.  Publicación de 'Fofo' Márquez en Instagram. (Foto: Captura de pantalla) Inicialmente laboró en una empresa de calzado industrial en México llamada Ten Pac, misma de la que el abuelo del influencer era dueño. Tiempo después fue que se adentró en otros negocios, como el del petróleo, llevándolo a tener negocios relacionados con gasolineras.En algún momento, el joven de 26 años aseguró que su papá era dueño de una empresa que se dedica a la venta y distribución de gasolina: TotalEnergies México.¿El papá de ‘Fofo’ Márquez era dueño de gasolineras?Cuando falleció el papá de ‘Fofo’, la empresa TotalEnergies publicó en sus redes sociales que lamentaban el hecho. Sin embargo, también negaron que Rodolfo Márquez Flores o miembros de su familia fueran dueños de la empresa.Fofo Ocho meses antes de su polémica actual, 'Fofo' Márquez presumió ser dueño de una gasolinera. (Foto: Especial) “Lamentamos el fallecimiento del Sr. Rodolfo Márquez Flores. No obstante, queremos señalar que ni el Sr. Márquez ni ningún miembro de su familia son dueños o accionistas de esta compañía, por lo que nos desligamos de cualquier declaración o acción al respecto”, se puede leer en el comunicado.En realidad, el padre de ‘Fofo’ formó parte de una red de concesionarios con tres estaciones de servicio que adoptaron la marca, de acuerdo con la empresa de gasolineras.","Title":"¿Quiénes son los papás de ‘Fofo’ Márquez, vinculado a proceso por tentativa de feminicidio?","PublishedDate":1713381307,"Keywords":["feminicidios","monserrat juarez","feminicidio en mexico","monserrat","milagro","feminicidio edomex"]}