{"Id":"474129","Author":"EFE","Content":"En México se registraron 20 agresiones letales contra defensores de derechos humanos ambientales en 2023, de ellos 19 fueron homicidios y una ejecución extrajudicial, informó este martes la organización no gubernamental Centro Mexicano de Derecho Ambiental (Cemda).Además, precisó que en total, durante el año pasado se registraron 123 eventos de agresión, entre ellas amenazas, intimidación, agresiones físicas y criminalización, además apuntó que 2023 fue el segundo año, en la última década, con más actos de agresión, superado por 2022 con 197.En la presentación del ‘Informe sobre la situación de las personas y comunidades defensoras de los derechos humanos ambientales en México, 2023′, el Cemda expuso que los estados con mayores eventos de agresión fueron Jalisco con 20, Oaxaca con 19 y Ciudad de México con 12.En México defender el planeta cuesta la vida y el país es cada vez más cruel con sus defensores. Así lo muestra nuestro ‘Informe sobre la situación de las personas y comunidades defensoras de los derechos humanos ambientales’, que presentamos este martes. Descarga el informe…— CEMDA (@CEMDA) April 16, 2024\n\n\nMientras que los sectores productivos que más casos presentaron fueron la minería con 30, vías de comunicación con 18, temas forestales con 13, sector hídrico con 12 y biodiversidad con 11.A partir del análisis de 123 eventos de violencia documentados durante el año 2023, “se identificaron 282 agresiones específicas en contra de personas y comunidades defensoras de los derechos humanos ambientales”, apuntó el informe.Las formas de agresión que tuvieron mayor registro durante el 2023 fueron las amenazas (33), seguidas de la intimidación (28), las agresiones físicas (26), la criminalización (21), el homicidio (19) y el hostigamiento (19).Cachorra de jaguar muere en zoológico de Morelia por inundación con agua contaminada“Podemos ver que, aunque el número total de agresiones registradas durante el 2023 (282 agresiones) disminuyó en comparación con el año 2022 (582 agresiones). Se trata de cifras altas e inaceptables que generan preocupación”, expuso el documento.La ONG explicó que en el 2023 se documentaron 16 eventos de agresión letales en los que perdieron la vida 20 personas defensoras del medio ambiente, la tierra y el territorio.La cifra de 20 agresiones letales en el año 2023 es la quinta más alta documentada por el Cemda en los últimos 10 años y recordó que en 2017 se documentaron 29 agresiones letales, en 2021 fueron 25, en 2022 hubo 24, y en el 2018 fueron documentadas 21.“Estos datos ratifican que México continúa teniendo cifras muy altas de agresiones letales. Esta situación es grave y se ha prolongado por varios años, lo cual es contrario a la obligación del Gobierno mexicano de garantizar el derecho a la vida, así como entornos seguros y propicios para realizar la labor de defensa del medio ambiente, la tierra y el territorio”, indicó el documento.Explicó que sumando los datos de este año, se ha llegado a la cifra de 102 personas defensoras del medio ambiente asesinadas en México a causa de su labor durante el periodo del actual Gobierno federal.“En suma, en lo que va de esta Administración (2018-2024) los casos de agresiones letales en contra de personas defensoras ambientales no han disminuido”, concluyó el Cemda.En cuanto a las desapariciones, durante el 2023, apuntó que se documentaron 11 eventos, en los que ocho personas defensoras fueron víctimas de desaparición, cuatro de desaparición forzada y siete de desaparición por particulares. Al menos 19 personas defensoras de los derechos humanos ambientales fueron víctimas de algún tipo de desaparición en el transcurso de 2023.","Title":"20 defensores ambientales fueron asesinados en México en todo 2023: CEMDA","PublishedDate":1713383777,"Keywords":["periodista","juan carlos huerta","periodistas michoacán","pihuamo","periodistas asesinar","jeffery dahmer histori"]}