{"Id":"474788","Author":"Rosario García","Content":"La madrugada de este miércoles fue asesinado el subsecretario de Planeación de la Secretaría de Educación Guerrero (SEG), Benjamín Adame Pereyra, en su domicilio de la comunidad de El Ocotito, perteneciente al municipio de Chilpancingo.El homicidio se reportó a las autoridades alrededor de las 2 de la mañana de este miércoles, y de acuerdo con la información preliminar, el cuerpo del funcionario estatal fue hallado tirado en uno de los pasillos de su casa.El cuerpo de Benjamín Adame tenía heridas en varias partes del cuerpo, producidas por arma blanca, por lo que las autoridades de manera preliminar estiman que se pudo tratar de un robo, y que cuando se dio cuenta el funcionario estatal fue agredido.Sobre el hecho, la Fiscalía General del Estado informó que ya inició una carpeta de investigación en contra de quien o quienes resulten responsables, por el delito de homicidio por arma blanca, cometido en agravio del funcionario guerrerense, por los hechos ocurridos en Valle del Ocotito, perteneciente al municipio de Chilpancingo.Mientras que la gobernadora Evelyn Salgado Pineda lamentó los hechos y pidió a la Fiscalía General esttaal que realice las investigaciones correspondientes.“Lamento el deceso de nuestro compañero de lucha y subsecretario de Planeación de la Secretaría de Educación Guerrero, Benjamín Adame Pereyra, un hombre comprometido con la educación de nuestro estado, quien fue hallado sin vida en su domicilio la mañana de este miércoles”, publicó en sus redes sociales la mandataria.‘Don Rodo’, hermano del Mencho, ingresa al penal de máxima seguridad de El AltiplanoY agregó: “He instruido brindar el apoyo y acompañamiento a su familia en este sensible momento. Asimismo, solicito a la Fiscalía General del Estado realizar las investigaciones correspondientes para esclarecer este lamentable hecho. Expreso mis condolencias a familiares y amigos. Descanse en paz”.Según información de la agencia Quadratín Guerrero, el asesinato del funcionario estaría relacionado con el proceso electoral local por la alcaldía de Chilpancingo, ya que presuntamente un grupo delictivo habría pedido al candidato Jorge Salgado (‘Sigamos Haciendo Historia’) que no organizara ningún evento en la comunidad.El diputado con licencia Osbaldo Ríos, quien forma parte de la plantilla de Jorge Salgado, compartió una foto donde aparecen juntos el candidato y el subsecretario, tomado en el acto de campaña en El Ocotito.Con información de Quadratín Guerrero.","Title":"Asesinan a Benjamín Adame, subsecretario de Educación en Guerrero","PublishedDate":1713979845,"Keywords":["periodista","juan carlos huerta","periodistas michoacán","pihuamo","periodistas asesinar","jeffery dahmer histori"]}