{"Id":"475050","Author":"Teodoro Rentería Villa  Corresponsal","Content":"El hermano del candidato a la alcaldía de Tetecala, Morelos, por Movimiento Ciudadano, Cutberto Aguirre Gutiérrez y cuñado de la diputada local del mismo partido, Luz Dary Quevedo, fue asesinado la mañana de este viernes.Al amanecer trascendió el ataque directo a un varón en ese municipio del sur de la entidad; fue alrededor del medio día que se conoció la identidad de Mario Aguirre Gutiérrez y su familiaridad con los actores políticos del partido naranja. Los hechos fueron reportados al número de emergencia a las 8 de la mañana.Testigos refieren que Mario Aguirre caminaba sobre la calle “El Paso” en donde fue ultimado.A través de una carta abierta dirigida al pueblo de Tetecala, el aspirante de MC informó que su hermano “fue una víctima más de la terrible ola de violencia que vive” ese municipio.Exigió además a las autoridades que las muertes acontecidas en las últimas 48 horas -fueron asesinados tres trabajadores del ayuntamiento- sean investigadas y esclarecidas; exigió al gobierno estatal y municipal que garanticen la seguridad.El instituto político, dirigido por el diputado local, Julio César Solís, condenó enérgicamente este acto de violencia, que “refleja la grave crisis de seguridad que persiste” en el estado y que “ha alcanzado niveles inaceptables durante el actual proceso electoral”.Gasolineras de ‘Canelo’ Álvarez: ¿En dónde están las estaciones de Canelo Energy en México?Acusan de fallida la estrategia de seguridad de Cuauhtémoc Blanco en MorelosEn entrevista, el dirigente partidista ratificó su crítica ante la fallida estrategia de seguridad implementada en la administración de Cuauhtémoc Blanco; Julio César Solís, desde la presidencia de la Comisión de Seguridad del Congreso del Estado ha exigido de forma permanente la destitución del titular de la Comisión de Seguridad Pública, almirante en retiro José Antonio Ortiz Guarneros. El propio responsable de la seguridad estatal, previo al arranque del proceso electoral, auguró que la violencia se incrementaría durante las campañas. En etapa de precampañas, la candidata a la gubernatura de Morelos de MC, Jessica Ortega de la Cruz, fue amenazada a través de su equipo de trabajo en ese municipio y fue obligada a abandonarlo de inmediato; ella misma narró que fue “escoltada” junto con sus acompañantes hasta que abandonaron la zona.A pesar de ello decidió al arranque de su campaña formal retornar a Tetecala en compañía de los aspirantes de la localidad y de la dirigencia estatal de su partido.Este jueves el candidato presidencial de MC, Jorge Álvarez Máynez, tuvo una exitosa visita a las instalaciones de la Universidad Autónoma del Estado de Morelos, a la que se refirió como histórica y como un mensaje de su identificación con las juventudes mexicanas.","Title":"Violencia en Morelos: Asesinan a hermano del candidato de MC a la alcaldía de Tetecala","PublishedDate":1714165057,"Keywords":["periodista","juan carlos huerta","periodistas michoacán","pihuamo","periodistas asesinar","jeffery dahmer histori"]}