{"Id":"475107","Author":"Redacción","Content":"Hace unas horas Luis Alfonso Partida, cantante conocido como ‘El Yaki’, compartió el lamentable deceso de su hermano Mario Olvera, reconocido promotor musical que trabajó con bandas como El Recodo y Carín León, por mencionar algunos.A través de su perfil en Instagram, El Yaki compartió una serie de fotos en las que aparece junto a su hermano mayor, al que le dedicó unas emotivas palabras.“Así te despido hermano mío! Porque sé que te hubiera gustado que lo compartiera… y lo hago de corazón porque claro que lo mereces, mereces el reconocimiento de mi parte sobre el hombre que fuiste y conmigo compartiste y me enseñó muchas cosas, fuiste un gran hermano mayor”, inicia el texto del exvocalista de El Recodo.  Publicación de El Yaki en Instagram. (Foto: Captura de pantalla) El cantante de ‘Dime que me quieres’ también expresó su agradecimiento por todo lo que Mario le enseñó. “Me abriste los ojos a algo que poco a poco sigo construyendo, te amo cabrón! Siempre nos decíamos, porque así se dicen los amigos de verdad! Como chingados no!”, agregó el cantante.Músicos se despiden del promotor musical Mario OlveraEn la publicación de El Yaki, artistas como Lorenzo Mendez, Gerardo Ortiz, Joss Favela, Carolina Ross y Ernesto Barajas son algunos de los que le dedicaron unas palabras de aliento al cantante por su pérdida.Otros cantantes, como Josi Cuén, exvocalista de La Arrolladora Banda El Limón, compartió una esquela lamentando el deceso del promotor, quien falleció a los 42 años.  Historia de Josi Cuén en Instagram. (Foto: Captura de pantalla) ¿Qué le pasó a Mario Olvera, exmanager de El Recodo?La Secretaría de Seguridad Ciudadana (SSC) de San Pedro Cholula confirmó que el empresario fue asesinado por tres sujetos en el tramo de Camino Real a Momoxpan, en Puebla.Informaron que a las primeras horas de este 27 de abril recibieron un reporte de detonaciones, por lo que acudieron policías municipales al sitio y encontraron el cuerpo sin vida de Olvera. Después llegaron elementos periciales de la Fiscalía General del Estado de Puebla para el levantamiento del cadáver e inicio de las indagatorias.De forma preliminar, se presume que se trató de un ataque planeado, donde un automovilista impactó la parte trasera del vehículo de la víctima para forzarlo a descender y dispararle. Luego, un tercer individuo llegó en una motocicleta y los tres huyeron en dirección al Periférico Ecológico, donde abandonaron la unidad.¿Quién era Mario Olvera, hermano de El Yaki, y con qué artistas trabajó?Mario Olvera era un promotor musical y empresario del giro restaurantero que falleció a los 42 años, CEO y fundador de Ranch Music Sinaloa, una empresa dedicada a la promoción de eventos, principalmente de música regional mexicana.  El Recodo es una de las bandas con las que trabajó Mario Olvera. (Foto: Instagram @elsopranito) Era originario de Guerrero, pero empezó a trabajar muy de cerca con agrupaciones originarias de Sinaloa. Gracias a su empresa promotora musical trabajó muy de cerca con diversos artistas. Algunos de los que ‘presumía’ en redes sociales son:Margarita la Diosa de la CumbiaCarín León.Junior H.Panteón Rococó.El Recodo.Grupo Frontera.Banda La Adictiva.Fuerza Regida.Luis Verdugo.Los de Sonora.Martín Valenzuela.Los Tucanes de Tijuana.Grupo Firme.En sus redes sociales personales compartía fotos con algunos de los artistas con los que trabajaba, así como algunos momentos de su día a día con su familia, conformada por sus hijos, pareja y las hijas de esta.También presumía su gusto por las motos, cuatrimotos y autos antiguos, mismo que compartía con sus seres queridos.Con información de Erik Almanza, corresponsal.","Title":"Asesinan a Mario Olvera, hermano de ‘El Yaki’: ¿Qué le pasó al promotor que trabajó con El Recodo?","PublishedDate":1714267419,"Keywords":["periodista","juan carlos huerta","periodistas michoacán","pihuamo","periodistas asesinar","jeffery dahmer histori"]}