{"Id":"475113","Author":"Juan Carlos Huerta/corresponsal","Content":"El regidor con licencia del Partido Verde Ecologista Mexicano (PVEM) en Puerto Vallarta, Francisco Sánchez, quien buscaba el cargo de síndico del municipio, fue encontrado sin vida dentro de un vehículo compacto, luego de que el viernes se reportara su desaparición.  Policías localizaron un vehículo Chevrolet Aveo abandonado a un costado de la carretera 544, y dentro estaba el cadáver del candidato.El fallecido integra la planilla encabezada por Luis Ernesto Munguía González, quien desde la etapa previa lo nombre coordinador de la precampaña y dirigía las acciones de unidad partidista y de movilización en la militancia del Partido Verde. Ambos eran amigos de la infancia.¿Quién era Francisco Sánchez Gaeta? Francisco Sánchez Gaeta dejó su cargo como regidor del Partido Verde en el actual Cabildo. Era médico cirujano partero de profesión y contaba con 38 años de edad. Se distinguió por su labor altruista en diversas colonias y causas sociales.En Puerto Vallarta, no se registró la coalición Haremos Historia, conformada por Morena y sus partidos aliados como ocurre con la mayoría de los municipios de Jalisco.Hace dos semanas, Francisco Sánchez interpuso denuncias de corrupción contra el presidente municipal con licencia Luis Alberto Michel, y contra el  interino José Martínez, por tomar decisiones que llevaron a qué se impusiera una millonaria multa federal sobre el Ayuntamiento porque permitieron una excesiva colocación de comercios ambulantes sobre la Plaza de Armas, situación que generó un consumo mayor al permitido de energía eléctrica. Violencia en Morelos: Asesinan a hermano del candidato de MC a la alcaldía de TetecalaLa Comisión Federal de Electricidad (CFE) aplicó una sanción superior al millón de pesos al gobierno de Puerto Vallarta y se oficializó que la administración municipal pagará la multa.Por otra parte, el candidato a síndico estaba siendo señalado por el equipo de campaña de la candidata de Morena, Chuyita López, de ser autor de orquestar la colocación de pintas contra la familia de esta.","Title":"Hallan muerto a Francisco Sánchez Gaeta, candidato del PVEM a síndico de Puerto Vallarta","PublishedDate":1714277684,"Keywords":[]}