{"Id":"475422","Author":"Redacción","Content":"El comentarista deportivo Paco Villa murió este miércoles a los 54 años de edad, tras batallar contra un tipo de cáncer que comenzó a manifestarse durante la Copa Mundial de Qatar de 2022.La salud de Paco Villa había sido reportada como delicada en días pasados. TUDN, empresa para la que trabajó, dio a conocer la noticia a través de un comunicado: “Fue un admirable profesional en TelevisaUnivision, pero sobre todo gran ejemplo de amabilidad y empatía”.TUDN reconoció su legado: “Gracias por cada transmisión. Gracias por todas tus narraciones. Pero sobre todo, gracias a ti por todas las emociones que nos transmitiste. Por tu amistad, tu cariño y tu pasión. Tú eres nuestra leyenda. Te vamos a querer siempre. Descansa en paz”.La muerte de Paco Villa fue anunciada por TUDN. (Foto: X @TUDNMEX). Francisco Javier Villa Escobosa destacó en la industria de la comunicación deportiva por su entusiasmo al narrar los partidos de futbol, especialmente los del Cruz Azul. La afición lo recuerda con cariño por su relato del último título de la Máquina que puso fin a una larga sequía de campeonatos en 2021.“Gracias por hacernos vibrar con tus narraciones. Abrazo hasta el cielo, querido Paco”, escribió en X La Máquina.Gracias por hacernos vibrar con tus narraciones. Abrazo hasta el cielo, querido Paco. 💙 pic.twitter.com/6Vzr9cnkzI— CRUZ AZUL (@CruzAzul) May 1, 2024\n\n\nEn días pasados, el narrador Raoul Ortiz, quien fue su compañero en Televisa, comunicó su pesar durante la transmisión del partido de Champions League entre París Saint-Germain y Borussia Dortmund, y le dedicó su trabajo de esta tarde.Gasolineras de ‘Canelo’ Álvarez: ¿En dónde están las estaciones de Canelo Energy en México?“Se fue un amigo y un maestro. Un relator apasionado y preparado. Una persona integra de pies a cabeza, un señor en toda la extensión de la palabra”, mencionó Raoul Ortiz esta tarde en X.El periodista Alberto Lati agregó en su red social un mensaje: “Amigo entrañable, hombre generosísimo, narrador de época, cruzazulino empedernido, no hallo palabras para despedirme de mi queridísimo Paco Villa, para describir la falta que me hará. Se enfrentó con una entereza leonina a los peores pronósticos… y murió como vivió, con absoluta dignidad”. También han expresado sus condolencias otros colegas del medio, como David Faitelson, José Ramón Fernández.¿De qué murió Paco Villa y cuál era la enfermedad que padecía?Aunque la televisora reveló el fallecimiento de Paco Villa, no dio a conocer las causas específicas detrás de su muerte. Sin embargo, el propio narrador había compartido su estado de salud en los últimos años.En abril del 2023, Villa comunicó a sus seguidores en Instagram que estaba enfermo debido a un tipo de cáncer que le detectaron mientras cubría el Mundial de Qatar. En aquel entonces, el periodista mencionó que recibía varios tratamientos, entre ellos quimioterapias.“Les platico que estoy en un tratamiento por un cáncer agresivo avanzado que me detectaron durante la Copa del Mundo en Qatar... en un hospital en Doha, concretamente en los primeros días de la Copa”, explicó en video Paco Villa.En 2022, Paco Villa reveló que estaba en un tratamiento por un tipo de cáncer. (Foto: Instagram / @paco_villa_) En ese entonces, Villa aseguró que se estaba recuperando, pero no dio más detalles al respecto. Tampoco explicó qué tipo de cáncer padecía.“Ha habido momentos complicados, muy difíciles, pero si considero que han sido más los momentos bonitos, los momentos gratos que me han acercado a tanta gente que quiero”, agregó.¿Quién fue Paco Villa?Paco Villa inició su carrera profesional como comentarista de transmisiones deportivas en Televisa Radio a finales de la década de los noventa.En conversación con el canal de YouTube del comentarista Javier Alarcón, el narrador compartió que le tomó tres años saltar de comentarista en cancha a narrador en balcón: “Yo siempre quise narrar, me costó tres años en radio en cancha para poder llegar a narrar en radio en palco”.Villa destacó en la industria por su carrera de dos décadas en la que logró comentar partidos de futbol, Juegos Olímpicos y diversas contiendas de la Liga MX, Copas del Mundo, Premier League, LaLiga de España, La Champions League, entre otros.Uno de los equipos preferidos de Paco Villa era el Cruz Azul. (Foto: Instagram / @paco_villa_) Además de comentarista, de 2008 a 2014, Villa fue director editorial en Televisa Digital y recibió el mismo puesto en 2016 en TDN.Antes de fallecer, Paco Villa trabajaba para TUDN con quienes narró diferentes partidos de su equipo mexicano favorito: Cruz Azul.En Instagram, Villa contaba con más de 46 mil seguidores y solía publicar fotografías sobre su vida personal y los momentos en los que hacía coberturas o visitaba canchas de futbol.","Title":"Muere Paco Villa, comentarista deportivo, a los 54 años: ‘Gracias por hacernos vibrar’","PublishedDate":1714589971,"Keywords":[]}