{"Id":"475904","Author":"AP","Content":"Ucrania afirmó este martes 7 de mayo que frustró un complot ruso para asesinar al presidente Volodimir Zelenski y otras prominentes figuras políticas y militares.Dos coroneles de la Guardia Estatal de Ucrania, a cargo de la protección de altos funcionarios, fueron detenidos por sospecha de estar involucrados en el complot elucubrado por el Servicio Federal de Seguridad de Rusia, informó en un comunicado el servicio de seguridad ucraniano.Los coroneles fueron reclutados antes de la invasión rusa de Ucrania en febrero de 2022, añadió.En el comunicado, el jefe del servicio de seguridad, Vasyl Maliuk, dice que el complot ruso contemplaba los asesinatos antes de la juramentación del presidente ruso Vladímir Putin para un quinto periodo que inció este martes. Maliuk aseguró que él personalmente supervisó el operativo para frustrar el complot.Las denuncias ucranianas sobre complot rusos para asesinar a Zelenski no son algo nuevo, ya que el presidente de Ucrania dijo en el 2022 que ha habido por lo menos 10 intentos de asesinarlo.También fiscales en Polonia dijeron el mes pasado que un hombre polaco había sido arrestado por acusaciones de que estuvo dispuesto a espiar para el servicio de inteligencia militar ruso para un presunto plan para asesinar a Zelenski.EU reúne aliados para ayudar a Ucrania en guerra con Rusia: Envían misiles Patriots y material militar¿Cómo planeaba Rusia matar a Zelenski, presidente de Ucrania?El comunicado ucraniano dice que el servicio de seguridad ruso buscó a miembros de las fuerzas ucranianas que estén cerca de Zelenski y que puedan secuestrar al presidente de Ucrania para luego asesinarlo. El operativo fue regido desde Moscú, añadió, dando los nombres de tres presuntos espías rusos responsables de la conspiración.El plan más amplio era identificar la ubicación de altos funcionarios ucranianos y atacarlos con cohetes, seguidos por drones y misiles.Dos coroneles ucranianos fueron arrestados bajo sospecha de traición, lo que acarrea cadena perpetua, dice el comunicado.","Title":"¿Putin planeó asesinar a Zelenski? Ucrania frustra complot ruso que pretendía matar a su presidente","PublishedDate":1715093037,"Keywords":["periodista","juan carlos huerta","periodistas michoacán","pihuamo","periodistas asesinar","jeffery dahmer histori"]}