{"Id":"476215","Author":"EFE","Content":"Los cuerpos de los hermanos Jake y Callum Robinson, los surfistas australianos asesinados en Ensenada, en el estado fronterizo de Baja California, fueron trasladados este jueves a Estados Unidos, donde eran esperados por sus familiares.La titular de la Fiscalía General del Estado (FGE), María Elena Andrade, confirmó a medios que los padres de ambos jóvenes reconocieron los cuerpos, por lo que se procedió a realizar la gestión de liberación a través de la Funeraria San José de Ensenada, localidad ubicada 100 kilómetros al sur de Tijuana.La carroza funeraria arribó a las instalaciones del Grupo Funerario Santana, de la ciudad fronteriza, donde dejaron los cuerpos para ser resguardados y hacer la gestión final para su ingreso a suelo estadounidense.Los dos cuerpos fueron llevados desde la funeraria hacia Estados Unidos este jueves por la mañana desde el puerto fronterizo de Otay, donde se debía realizar la gestión de internamiento, para posteriormente estar con sus padres y familiares que los esperaban en San Diego (California).Hermanos australianos desaparecidos y luego hallados sin vida en Ensenada. (Foto: Redes Sociales Debra Robinson) El conductor de la carroza, Jovanny Hernández, confirmó a medios presentes, entre ellos EFE, que se trataba de los cuerpos de los hermanos Robinson. “Me encargué de trasladarlos, entregamos a los dos jóvenes de nacionalidad australiana (...) Los dos hermanos están aquí, el americano fue llevado a otra funeraria”, dijo.Los salvan ‘del diablo’: Rescatan animales en Naucalpan que serían sacrificados en ritualesLos hermanos australianos, junto con su amigo estadounidense Jack Carter, fueron asesinados mientras acampaban en el poblado de Santo Tomás, municipio de Ensenada, y sus cuerpos encontrados el 3 de mayo en un pozo de agua en un sitio conocido como La Bocana, con señales de disparos en la cabeza y en estado de descomposición.Vinculan a proceso a ‘El Kekas’, presunto asesino de surfistas en EnsenadaEste miércoles en Ensenada fue llevada a cabo la audiencia, en la que se le dictó vinculación a proceso a Jesús Gerardo alias ‘El Kekas’, presunto responsable de los asesinatos. Por ahora, es el único procesado por los hechos, aunque la Fiscalía no descarta la participación de más personas.“Por el delito de desaparición forzada cometida por particulares, la Fiscalía General de Baja California logró la vinculación a proceso de Jesús Gerardo ‘N’, alias ‘El Kekas’, quien permanecerá en prisión preventiva tras su implicación en el crimen cometido en perjuicio de dos hermanos de origen australiano y un estadounidense en Ensenada”, señala el comunicado que fue compartido por la fiscalía a los medios.La gobernadora de Baja California, Marina del Pilar Ávila Olmeda, se pronunció este jueves sobre el caso en sus redes sociales.“Gobernar significa asumir como propios los problemas de las personas que habitan en Baja California (…) No habrá impunidad y daremos la cara para hacer justicia”, indicó.","Title":"Surfistas asesinados en Ensenada: Cuerpos son trasladados a EU con sus familias","PublishedDate":1715299780,"Keywords":["periodista","juan carlos huerta","periodistas michoacán","pihuamo","periodistas asesinar","jeffery dahmer histori"]}