{"Id":"476220","Author":"","Content":"La Gobernadora del Estado, Marina del Pilar Avila Olmeda, reafirmó el compromiso de su gobierno en la erradicación de la impunidad en Baja California, asegurando que los delincuentes que atenten contra los habitantes y visitantes del estado enfrentarán todo el rigor de la ley.“El gobierno debe hacer propios los problemas de la gente de Baja California para poder entender y abordar sus necesidades”, expresó la mandataria, destacando la sensibilidad necesaria para enfrentar los desafíos de la comunidad.Desde el inicio de su mandato, se ha enfocado en abordar la violencia y llevar a los responsables ante la justicia, enfatizó. En una conferencia conjunta con la Fiscal General del Estado, Ma Elena Andrade Ramírez, reveló avances en el caso de los tres ciudadanos extranjeros asesinados en Ensenada. Tres individuos han sido identificados como presuntos responsables, con uno ya bajo proceso judicial.“Comprendo el dolor de los familiares y seres queridos de las víctimas, a quienes les expreso mi solidaridad”, declaró Marina del Pilar en su mensaje. Subrayó la continuidad de una política de seguridad orientada a abordar las raíces de la violencia para reducir la criminalidad.La Fiscal Andrade Ramírez, junto con Ramón Álvarez Martínez, director del Centro Estatal de Ciencias Forenses, detallaron los hallazgos que llevaron a la captura de los presuntos responsables de los homicidios de ciudadanos australianos y estadounidenses, resaltando la comunicación constante con ambos gobiernos.El compromiso de la administración estatal es claro: no se tolerará la impunidad y se trabajará incansablemente para garantizar la seguridad y la justicia para todos los residentes y visitantes de Baja California.","Title":"Continúa la lucha contra la impunidad en Baja California: Marina del Pilar","PublishedDate":1715306594,"Keywords":["lourdes mrndoza","retrato","forense","fernando gomez mont","alvarez morphy","huachicol fiscal"]}