{"Id":"476484","Author":"Redacción","Content":"Steve Buscemi, actor de Son como niños (2010) y Armageddon (1998), fue agredido en Manhattan, Nueva York: “otra víctima de un acto de violencia”, informó su publicista este domingo, “está increíblemente triste porque esto le haya sucedido mientras caminaban por las calles de Nueva York”.El Departamento de Policía de Nueva York publicó una ficha sobre la agresión el miércoles sin identificar a los involucrados; ahora el representante de Buscemi confirmó en un comunicado que la víctima anónima era el actor.¿Qué le pasó a Steve Buscemi?El actor de 66 años recibió un puñetazo en la cara el miércoles, mientras caminaba por la ciudad de Nueva York, por lo cual fue trasladado al hospital con hematomas, inflamación y sangrado en el ojo izquierdo.De acuerdo con su publicista, el intérprete no está en peligro: “Steve Buscemi fue agredido en Manhattan, otra víctima de un acto de violencia aleatorio en la ciudad. Se encuentra bien y aprecia los buenos deseos de todos”.Steve Buscemi, Bruce Willis, Ben Affleck, Will Patton, Michael Clarke Duncan y Owen Wilson en 'Armageddon0 (1998). (Foto: IMDb). Según la policía de Nueva York, ese día recibieron una llamada y encontraron al actor de Pulp Fiction herido: “Los servicios de emergencias atendieron y trasladaron al actor al NYC Health and Hospitals/Bellevue en condición estable para recibir tratamiento por hematomas, hinchazón y sangrado en el ojo izquierdo”.Por ahora no hay personas detenidas por los hechos y la investigación sigue abierta, según las autoridades, que también investigan una serie de ataques aleatorios que se han producido en la ciudad.Prometida de Alec Musser, actor de ‘Son como niños’, habla de su muerte: ‘Es el peor día de mi vida’CNN informó de al menos una decena de mujeres que han sido golpeadas en la cara sin motivo aparente mientras pasean por las calles de la ciudad de Nueva York.Michael Stuhlbarg, quien coprotagonizó Boardwalk Empire con Buscemi, también fue golpeado con una piedra en la nuca mientras caminaba por Central Park el 31 de marzo. Stuhlbarg persiguió a su atacante y lo detuvieron a las afueras del parque.Steve Buscemi Steve Buscemi ha participado en varias películas con Adam Sandler, como 'Grown Ups' (2010). (Foto: IMDb). ¿Quién es Steve Buscemi?El actor y director Steve Buscemi nació el 13 de diciembre de 1957 en Nueva York, Estados Unidos. Estuvo casado con Jo Andres y ha participado en cintas como:FargoBoardwalk EmpireReservoir DogsPulp FictionThe Ridiculous 6Son como niñosSon como niños 2The CobblerCon información de EFE y AP.","Title":"Agreden a Steve Buscemi, actor de ‘Son como niños’: Un hombre le dio un puñetazo mientras paseaba","PublishedDate":1715623204,"Keywords":[]}