{"Id":"476514","Author":"Guillermo Frescas Corresponsal","Content":"Una joven que había sido reportada como desaparecida hace varios días en San Luis Río Colorado, Sonora, fue encontrada muerta, enterrada en el patio de su casa, por lo cual su hermana, el novio de ésta y otra personas fueron detenidas como presuntas responsables.Aseret, de 26 años, quien recién había regresado de Alaska tras una temporada de trabajo, desapareció el pasado 5 de mayo y su padre presentó la denuncia correspondiente tres días después, y tras las pesquisas correspondientes se pudo dar con su cuerpo enterrado en el patio de su casa el 9 de mayo.Los indicios recabados por la autoridad apuntan a que la víctima fue asesinada por asfixia a manos de su hermana menor, el novio de ésta y un tercer sujeto, presuntamente para quedarse con 7 mil dólares que Aseret había traído como fruto de su trabajo en el estado polar de Estados Unidos.La autoridad acusó y detuvo a su hermana menor Marien ‘N’, de 21 años, quien en contubernio con su novio, André Mateo, de 23 años, y Antonio de Jesús ‘N’, de 32 años, y son considerados los probables responsables de la muerte de Aseret.De acuerdo a la Fiscalía General de Justicia del Estado de Sonora (FGJES) los indicios llevaron a la captura y posterior imputación y vinculación a proceso de una mujer y dos hombres, estableciendo con sólidos datos de prueba la presunta participación y posterior vinculación a proceso de los mencionados.Las investigaciones revelaron que el pasado 5 de mayo, entre las 04:30 y 05:00 horas, los detenidos se encontraban dentro del domicilio y, al llegar Aseret al domicilio fue atacada por los indiciados, causando su muerte por asfixia.Rusos vs. Los Chapitos: Abaten a ‘El Pía’, líder del narco en SonoraLos indicios revelaron que los atacantes cavaron un hoyo en el patio trasero de la vivienda, donde colocaron el cuerpo de la víctima, mismo que fue descubierto el 9 de mayo, lo que condujo a la identificación de los tres probables responsables.El padre de Aseret presentó la denuncia de su desaparición el 8 de mayo y entonces se abrió una carpeta de investigación cuya primera línea de trabajo era relacionada con la salida de la joven con un hombre, pero gracias a una cámara de video de seguridad cercano se pudo constatar que la joven regresó a su domicilio el mismo día que había desaparecido y no salió posteriormente de este.En las primeras pesquisas, los agentes se dieron cuenta de que había tierra removida en el patio de la casa, lo que llevó a la localización del cuerpo de Aseret y el resultado de la autopsia reveló que la causa de muerte fue asfixia por sofocación.Así pues se emitieron órdenes de aprehensión en contra de los sospechosos quienes fueron detenidos el 11 de mayo por los elementos de la Agencia Ministerial de Investigación Criminal (AMIC).La Fiscalía General de Justicia del Estado de Sonora (FGJES) buscará las penas más altas para los presuntos responsables.","Title":"Feminicidio en Sonora: Encuentran cuerpo de Aseret, joven reportada como desaparecida","PublishedDate":1715650561,"Keywords":["feminicidios","monserrat juarez","feminicidio en mexico","monserrat","milagro","feminicidio edomex"]}