{"Id":"477074","Author":"Renán Quintal  Corresponsal","Content":"Poco antes de iniciar el tercer y último debate presidencial, un integrante de Morena fue ejecutado en Playa del Carmen, Quintana Roo, al recibir 9 disparos en la colonia Ejido, donde integrantes de esta fracción política se reunirían para ver el evento político. De acuerdo con las primeras versiones, se dio a conocer que la víctima respondía al nombre de Óscar y formaba parte de la planilla de la candidata a la presidencia municipal de Solidaridad por la 4T, Estefanía Mercado.Los disparos generaron temor e incertidumbre entre los asistentes de Morena, ya que la ejecución fue a escasos 100 metros de donde se realizaría el evento. Aunque las autoridades no lograron detener a los presuntos responsables, las cámaras de videovigilancia que hay en la zona serán determinantes para localizar y ubicar al sicario.Es el segundo militante político asesinado en una semana Esta es la segunda ejecución de un militante político en Quintana Roo en los últimos 7 días, ya que el sábado de la semana pasada también fue abatido Manuel Santiago Tun, coordinador de campaña del candidato de Movimiento de Regeneración Nacional (Morena), Alberto Batun Chulim.Manuel Santiago llegaba a su casa y unos sujetos bajaron de un auto para dispararle en múltiples ocasiones. El sonido de los balazos despertó a los vecinos, quienes de inmediato informaron a las autoridades y los familiares del político lo llevaron a la clínica de especialidades; sin embargo, perdió la vida. ‘Matanga’ de AMLO a Vulcan: Tomará posesión de sus terrenos en Quintana RooHace unos días, el dirigente del PRD en Quintana Roo, Leonardo Rojas, había insistido en la necesidad de brindar protección a los participantes de estas votaciones, ante el incremento de la ola de violencia en el estado. Además, que algunos representantes de partidos habían recibido amenazas y requerían que el Instituto Electoral de Quintana Roo aplique los protocolos y garantice la seguridad.La Fiscalía General del Estado solo dio a conocer que se abrió una carpeta de investigación en torno a los sucesos que se dieron esta noche.","Title":"Violencia electoral en Quintana Roo: Asesinan a militante de Morena en Playa del Carmen","PublishedDate":1716179786,"Keywords":["periodista","juan carlos huerta","periodistas michoacán","pihuamo","periodistas asesinar","jeffery dahmer histori"]}