{"Id":"477573","Author":"Redacción","Content":"El presidente Andrés Manuel López Obrador encabeza su conferencia ‘mañanera’ de este viernes desde Palacio Nacional.AMLO lamenta muerte de Orión Hernández, mexicano secuestrado en IsraelEl mandatario expresó sus condolencias por la muerte de Orión Hernández, un mexicano que se encontraba secuestrado por Hamás.“Información muy lamentable, uno de los rehenes se encontró muerto, Orión Hernandez. Él se supone está sosteniendo que desde los primeros días de la detención, el secuestro, lo asesinaron, perdió la vida”, explicó.“Le mando un abrazo a sus familiares”, añadió.Agregó que su compañera, una mujer mexicana, también ‘fue liberada’ y ya se encuentra en Mazatlán.“Ese es el informe que recibió ayer la Secretaría de Relaciones Exteriores”, indicó.#EnLaMañanera | #AMLO confirmó que el mexicano Orion Hernández, secuestrado por Grupo Hamás, perdió la vida y su cuerpo fue recuperado por Israel el pasado 23 de mayo. Informa que ya no hay ningún ciudadano mexicano secuestrado por Hamás. pic.twitter.com/zTVWbco0Ga— El Financiero TV (@ElFinancieroTv) May 24, 2024 ‘Hay que apapachar al pueblo’: AMLO responde al video de Héctor Aguilar CamínTras darse a conocer un video en el que el escritor Héctor Aguilar Camín critica la estrategia de programas sociales, el mandatario indicó que el objetivo de su Gobierno es brindar justicia económica al pueblo de México.“Les molesta muchísimo el que no haya corrupción, porque pues necesitamos apapachar al pueblo y no es apapachar, es darle lo que por justicia le corresponde desde hace mucho tiempo”, dijo.Añadió que el objetivo principal de los programas sociales es promover la felicidad y estabilidad económica de las familias mexicanas.“Es hacer realidad la justicia social y esa es la función principal de un gobierno democrático, es procurar la felicidad de un pueblo”, añadió.#EnLaMañanera | El presidente @lopezobrador_ indicó que el objetivo del @GobiernoMX es brindar justicia económica al pueblo de México, contrario a lo que dice un video en el que el escritor Héctor Aguilar Camín critica al mandatario por la estrategia de programas sociales. pic.twitter.com/7tOUDZrKNW— El Financiero TV (@ElFinancieroTv) May 24, 2024 AMLO sobre elecciones: Veremos si funcionó la ‘guerra sucia’El presidente López Obrador recordó que ya faltan muy pocos días para realizarse las elecciones 2024, lo que le permitirá conocer si la ‘guerra sucia’ cumplió su cometido.“Y ya falta poco, porque ya el día 2 son las elecciones”, dijo.El mandatario utiliza el término de ‘guerra sucia’ para referirse a los ataques políticos en contra de distintos candidatos, esto al considerar que algunos únicamente buscan desprestigiar a su Gobierno.“¿Funcionó la guerra sucia? Eso es lo que vamos a ver”, añadió.#EnLaMañanera | Sigue la conferencia de prensa del @GobiernoMx del 24 de mayo, desde Palacio Nacional. https://t.co/GWkSzr8WaU— El Financiero TV (@ElFinancieroTv) May 24, 2024 ¿México reconocerá a Pelestina como estado? Esto dice AMLOTras conocer que distintos países de Europa reconocerán a Palestina como Estado, el presidente adelantó que su Gobierno analiza este tema y que más adelante se dará a conocer la postura de México.“Se está viendo nuestra diplomacia, se está viendo este tema, estamos pendientes de este tema. En su momento lo vamos a hablar”, dijo.“Prefiero que esperemos”, añadió. Actualmente cerca de 140 de los 190 países con representación en Naciones Unidas ya han reconocido a Palestina como Estado. #EnLaMañanera | Cuestionado acerca del reconocimiento que varios países de #Europa están haciendo sobre Palestina, el presidente @lopezobrador_ omite comentarios y señala que prefiere 'esperar'. pic.twitter.com/DIL46HfKP2— El Financiero TV (@ElFinancieroTv) May 24, 2024 AMLO respeta las protestas de la CNTE: ‘No se reprime a nadie’Andrés Manuel López Obrador, presidente de México, garantizó que respetará las movilizaciones realizadas por la Coordinadora Nacional de Trabajadores de la Educación (CNTE) en la Ciudad de México. “Ellos, como todos los manifestantes, están en libertad de expresarse. En este gobierno no se reprime a nadie, somos distintos”, afirmó.Aprovechó para garantizar que durante su mandato no se ha ‘reprimido a nadie’, debido a que ‘todos tenemos el derecho a manifestarnos’.“Lo único que recomendamos es que se haga de manera pacífica (…), se puede luchar para transformar con la no violencia”, mencionó.","Title":"AMLO habla sobre muerte de Orión Hernández: Lo asesinaron en inicio de la guerra vs. Hamás, dice","PublishedDate":1716554400,"Keywords":["periodista","juan carlos huerta","periodistas michoacán","pihuamo","periodistas asesinar","jeffery dahmer histori"]}