{"Id":"477968","Author":"Redacción","Content":"El Gobierno de México, a través de la Secretaría de Relaciones Exteriores (SRE), informo este miércoles que los restos del mexicano Orión Hernández-Radoux, quien fue rehén de Hamás y cuyo cadáver fue recuperado por el ejército israelí el pasado viernes, llegarán a México el 30 de mayo.En un comunicado la secretaria de Exteriores, señaló que se encuentra asistiendo a la familia de Orión Hernández para el traslado de los restos a la Ciudad de México, en el que estará acompañado por sus familiares hasta su lugar final de sepultura.En una ceremonia oficial de carácter protocolario y solemne en el Aeropuerto Internacional Ben Gurión de Tel Aviv, con el despliegue de las banderas de México, Israel, Francia y Alemania (país de residencia de su hija), representantes de los citados países pronunciaron palabras de condolencia y presentaron ofrendas florales para despedir a nuestro connacional antes de ser trasladado de Israel a México.“La SRE, a nombre del Gobierno de México, transmite su más sentido pésame a la familia y amistades de Orión Hernández Radoux, y reitera su solidaridad. Descanse en paz”, se lee en el comunicado.Ejército israelí rescata cuerpo de mexicano secuestrado por HamásEl Ejército israelí rescató esta madrugada los cuerpos de otros tres rehenes de Hamás: el israelí Hanan Yablonka, el brasileño-israelí Michel Nisenbaum y el mexicano-francés Orión Hernandez, en Yabalia, ubicado al norte de la Franja de Gaza.Orión Hernández Radoux, mexicano-francés se encontraba en el festival musical “Nova” en Israel cuando ocurrió el ataque terrorista perpetrado por Hamás el 7 de octubre de 2023.Orión Hernández: Israel rescata cuerpo de mexicano secuestrado por Hamás“Según información de inteligencia verificada en nuestro poder, los rehenes fueron asesinados durante la masacre del 7 de octubre y secuestrados en la intersección de Mefalsim hacia Gaza por terroristas de Hamás”, indicó el Ejército en un comunicado.El rescate de los cuerpos se llevó a cabo en una operación conjunta entre el Ejército y la agencia de seguridad Shin Bet, basada en “inteligencia precisa obtenida y analizada en los últimos días” por el departamento creado específicamente para hallar a los rehenes.“Al inicio del operativo se desarrollaron intensos combates en la zona”, señaló el Ejército, que la semana pasada rescató otros cuatro cadáveres de rehenes también en Yabalia. * Con información de EFE","Title":"Restos de Orión Hernández, mexicano asesinado por Hamás, llegarán el jueves a México, confirma SRE","PublishedDate":1717000453,"Keywords":["periodista","juan carlos huerta","periodistas michoacán","pihuamo","periodistas asesinar","jeffery dahmer histori"]}