{"Id":"478138","Author":"Redacción","Content":"Las campañas electorales se han caracterizado por las agresiones y asesinatos a las y los candidatos. El más reciente se registró el miércoles 29 de mayo, cuando José Alfredo Cabrera Barrientos fue baleado.Cabrera era candidato a la alcaldía de Coyuca de Benítez, Guerrero. Los hechos ocurrieron durante su cierre de campaña, en Las Lomas. En redes sociales comenzó a circular un video donde se alcanza a ver el arma, que se detonó en varias ocasiones.El aspirante de la coalición ‘Fuerza y Corazón por Coyuca’ fue baleado en la cabeza. En el ataque hubo tres heridos de gravedad. Luego de los hechos, se montó un dispositivo de seguridad, al que llegó la Guardia Nacional. Votar entre Balas, un informe sobre el proceso electoral en México, Guerrero lidera la lista de estados con más ataques a aspirantes y funcionarios durante las elecciones 2024.En la lista siguen Guanajuato, Veracruz y Oaxaca Estos cuatro estados representan el 37.2 por ciento de todas las víctimas registradas.¿Quién fue el asesino de José Alfredo Cabrera Barrientos?Según los primeros reportes, la Guardia Nacional detuvo a un sujeto, que de acuerdo con medios locales, fue quien disparó el arma contra en candidato.Violencia electoral: Atacan casa de campaña de candidato de MC en Axochiapan, MorelosMás tarde, la Fiscalía General del Estado de Guerrero, informó en un comunicado que el presunto culpable fue abatido en el lugar de los hechos, sin dar mayor detalle.‘‘Al lugar acudieron, agentes de la Policía Investigadora Ministerial y de los Servicios Periciales, quienes llevan a cabo los actos de investigación correspondientes que permitan obtener los datos de prueba necesarios para esclarecer el ilícito’', se lee en el comunicado de la Fiscalía.Situación sigue tensa en Coyuca de BenítezEl jueves 30 de mayo la Fiscalía guerrerense informó que aseguró armas largas, cargadores, un vehículo, cartuchos útiles, dosis de droga y estrellas poncha llanta, en Coyuca de Benítez.‘‘Estas acciones derivaron de trabajos de gabinete y campo, cuando personal de las instituciones de procuración de justicia y seguridad efectuaban recorridos sobre una brecha que conduce a terrenos de siembra en dicho municipio’', se detalla.Estos fueron los objetos que decomisó la Fiscalía: 2 armas largas (AR-15 y AK47), 19 cargadores para fusil AR-15, un cargador para fusil AK-47 y 735 cartuchos útiles calibre 5.56 milímetros.También fueron aseguradas 3 mil 440 bolsas con presunta mariguana; 26 bolsas con polvo gris oscuro, y otras 3 bolsas más con supuestas semillas de mariguana.Con información de Darío Lagunas.","Title":"‘Abatido y sin respuestas’: El final del asesino del candidato Alfredo Cabrera, en Coyuca de Benítez","PublishedDate":1717125353,"Keywords":["periodista","juan carlos huerta","periodistas michoacán","pihuamo","periodistas asesinar","jeffery dahmer histori"]}