{"Id":"478246","Author":"Darío Lagunas/Corresponsal","Content":"Poco después del mediodía de este viernes, amigos y familiares de José Alfredo Cabrera Barrientos, candidato de la alianza PRI, PAN, PRD, asesinado durante la tarde del pasado 29 de mayo, partió en cortejo fúnebre desde su domicilio donde fue velado, hacia lo que será su última morada en el cementerio del poblado de Las Lomas.En medio de un fuerte dispositivo de seguridad a cargo de la Secretaría de Seguridad Pública de Guerrero, la caravana partió minutos después de las 12 de la tarde, entre música de mariachis, y porras de los simpatizantes que acompañaron por última vez a quien se vislumbraba como el más fuerte aspirante a la alcaldía de Coyuca de Benítez.Durante el sepelio del político y empresario de la construcción, resaltó la ausencia de los dirigentes estatales de los partidos que integran la alianza Fuerza y Corazón por Coyuca, así mismo, hay un completo hermetismo sobre la designación de quién pudiera ocupar el lugar en la candidatura a la alcaldía de este municipio.Detienen a 2 personas relacionadas al homicidio del candidato Alfredo Cabrera Barrientos De acuerdo con los últimos datos alrededor del atentado, las versiones de fuentes oficiales han sido confirmadas por testigos presenciales del ataque, sobre que simpatizantes, ciudadanos y cuerpos policiales detuvieron a dos personas más que, presuntamente, acompañaron al autor material del asesinato del político, uno de ellos, haciéndose pasar por discapacitado.Versiones de testigos presenciales en el asesinato de este candidato refieren que esta última persona, que se hizo pasar por discapacitado, sería quien habría entregado un arma de fuego al sicario que disparó en dos ocasiones en contra de Alfredo Cabrera, en tanto que un segundo sospechoso, fue detenido a pocos metros de distancia de donde ocurrió el ataque.Ambos masculinos habrían sido detenidos por su presunta participación en el homicidio de Alfredo Cabrera, y han sido identificados como Janai “H” y Abel “L”, en tanto que el joven pistolero neutralizado por la escolta personal del candidato, fue identificado como Raymundo “N”, los tres, identificados como parte de uno de los grupos criminales que participan en la pugna por el control de Coyuca de Benítez.De manera extraoficial, se supo que posiblemente, durante la noche de este viernes o primeras horas del sábado, ambos detenidos serán puestos a disposición de un juez, para determinar su situación jurídica y puedan ser vinculados a proceso.","Title":"Con mariachis, sepultan a Alfredo Cabrera Barrientos, candidato asesinado en Coyuca de Benítez","PublishedDate":1717210517,"Keywords":["periodista","juan carlos huerta","periodistas michoacán","pihuamo","periodistas asesinar","jeffery dahmer histori"]}