{"Id":"478800","Author":"Redacción","Content":"Virlán García, cantante de música regional mexicano compartió un emotivo mensaje en su cuenta de Instagram, donde se despidió de su hermana, Dayana Baez, quien fue víctima de feminicidio en Sonora. El intérprete de ‘Hoy la vi con él’ no se centró en lo sucedido, pero aclaró que su hermana fue asesinada de una ‘manera cruel y cobarde’.El cantante confesó que no mantenía una comunicación con Dayana por problemas familiares, y a pesar de que ella lo buscó en múltiples ocasiones, él nunca respondió los mensajes.“Nunca me voy a perdonar que te haya pasado esto porque no lo merecías y hubiera preferido mil millones de veces que hayas sido tú quien escribas unas palabras en despedida para mí en este día tan triste”, escribió el cantante. Al final del mensaje, el cantante compartió la importancia de perdonar a las personas que aman. “Amen, abracen, valoren, perdonen y olviden si tiene diferencias con personas que aman. Sé que suena a cliché, pero nunca sabes cuándo será la última vez que los veas y sientas cerca”, compartió Virlan.Virlán García comparte mensaje a su Instagram tras las muerte de su hermana. (Foto: instagram virlangarciaoficial) ¿Qué le pasó a la hermana de Virlán García?La mañana del 5 de junio, Dayana fue localizada sin vida al interior de un inmueble en el municipio de San Luis Colorado, en Sonora.La Fiscalía General del Estado de Sonora informó la captura del presunto responsable del feminicidio de Dayana.“Captura de una persona como probable responsable del feminicidio de Dayana Gabriela “N” o Diana Gabriela “N”, hermana del cantante regional Virlan García hecho ocurrido en San Luis Río Colorado el pasado 5 de junio del año en curso”, compartió la Fiscalía en sus redes sociales.¿Quién es Virlán García, cantante de regional mexicano? El cantante de regional mexicano, Virlán Garcia es originario de Guasave Sinaloa, tiene 26 años y comenzó a componer su propia música a los 14 años y a los 17 inició en el mundo profesional.Virlán lanzó su primer sencillo en el 2015, con el tema de ‘Y cambió mi suerte’ con lo que consiguió la fama gracias a la difusión de sus canciones en redes sociales.A pesar de su corta edad, en marzo del 2024 anunció su separación de Fernanda Esquer, después de 9 años de matrimonio.","Title":"Feminicidio de la hermana de Virlán García: ‘Nunca me voy a perdonar que te haya pasado esto’","PublishedDate":1717735506,"Keywords":["feminicidios","monserrat juarez","feminicidio en mexico","monserrat","milagro","feminicidio edomex"]}