{"Id":"478931","Author":"Darío Lagunas // Corresponsal","Content":"Minutos antes de las 2 de la tarde, una llamada de emergencia alertó a las autoridades sobre detonaciones de armas de fuego en el centro del municipio de Tixtla de Guerrero, hechos en los que perdiera la vida la regidora Esmeralda Garzón Campos, presidenta de la Comisión de Equidad de Género del cabildo municipal en este municipio de la región centro.De acuerdo con reportes policiacos, la regidora municipal fue acribillada justo al momento en que se disponía a salir de su domicilio, ubicado en la calle Montaño del Barrio de Santiago, en la cabecera municipal de Tixtla, lugar hasta el que se trasladaron los cuerpos de emergencia para brindarle los primeros auxilios, informando que la víctima ya no contaba con signos vitales.¿Quién era Esmeralda Garzón?La regidora Esmeralda Garzón fue una destacada priista de toda la vida, reconocida como sobrina del ex gobernador de Guerrero, Héctor Astudillo Flores, así como del cuatro veces candidato a la alcaldía de Tixtla, Saúl Nava Astudillo, era hija de Violeta Campos, ex diputada local por el PRI, y del exalcalde del municipio de Chilpancingo, Ausencio Garzón.El pasado 6 de abril, Esmeralda Garzón hizo pública su salida de las filas del Partido Revolucionario Institucional, señalando lo que calificó como “malas decisiones” y acusando a “las mismas personas reeligiéndose, imponiendo candidatos y candidatas” del que, hasta ese entonces, fue su instituto político de toda la vida:“Hoy con tristeza he tomado la determinación, después de muchos años de trabajo y de varias generaciones forjadas en el Partido Revolucionario Institucional, de dejar sus filas, porque me doy cuenta de que ese instituto político dejó de ser parte de mis ideales y de mi lucha.”“No por otra cosa más que las malas decisiones que han tomado, la falta de líderes que sean mentores de nuevos liderazgos, las mismas personas reeligiéndose imponiendo candidatos y candidatas que desconocen totalmente la ideología política y, por tanto, son irrespetuosos de los que a base de picar piedra edificaron la democracia y lucha social”, escribió a través de Facebook.Posteriormente, se dio a conocer el respaldo de Esmeralda Garzón al candidato a la alcaldía de Tixtla por Morena, Ignacio Alcaraz, así como a la candidata al Senado de la República por Morena, Beatriz Mojica Morga.Al respecto, el gobierno municipal de Tixtla de Guerrero ofreció sus condolencias a amigos y familiares de esta integrante de su cabildo y condenó estos hechos de violencia que habían observado una baja considerable durante el actual gobierno municipal.Con relación a estos hechos, la Fiscalía General del Estado de Guerrero informó sobre la apertura de una carpeta de investigación en contra de quien o quienes resulten responsables por el delito de homicidio calificado en agravio de Esmeralda Garzón Campos.Detallaron que agentes de la Policía Investigadora Ministerial (PIM) y de los Servicios Periciales, acudieron al lugar para iniciar con las investigaciones para esclarecer el ilícito, y que a partir de ese momento, se ha desplegado un operativo para dar con el o los responsables.Luego de ser reclamada por sus familiares ante el Servicio Médico Forense, los servicios funerarios de la regidora Esmeralda Garzón se llevan a cabo durante este sábado en el puerto de Acapulco.","Title":"Asesinan a Esmeralda Garzón, regidora de Tixtla, Guerrero","PublishedDate":1717880954,"Keywords":["periodista","juan carlos huerta","periodistas michoacán","pihuamo","periodistas asesinar","jeffery dahmer histori"]}