{"Id":"480528","Author":"Redacción","Content":"La influencer y modelo Han Sun Weol, también conocida como Han Sun Wall, fue hallada sin vida hace aproximadamente una semana en su residencia, ubicada en el distrito de Seo-gu Incheon, Corea del Sur. Tenía 32 años.El medio local Wikiter Media confirmó la muerte de la creadora de contenido en un obituario publicado el 25 de junio, en el que explican que el deceso de la joven ocurrió una semana antes.¿Qué le pasó a Han Seo Weol?La muerte de la influencer, también relacionada con el K-Pop, ocurrió el pasado 14 de junio, dato que aumentó las dudas entre su comunidad de seguidores sobre lo ocurrido con la también modelo Han Sun Weol.En realidad, no se conoce qué le pasó a la estrella de internet en Corea del Sur, pues la policía ha contribuido para mantener el caso en completa privacidad al declarar: “no podemos revelar la causa de muerte”.No obstante, las autoridades descartaron que se tratara de un crimen en contra de la influencer.La influencer Han Sun Weol fue hallada muerta en su casa. (Foto: TikTok sunwall950101). Los rumores sobre la muerte de Han Sun WeolLa muerte de la influencer coreana, de quien se desconoce tuviera algún problema de salud o estuviera involucrada en situaciones que pusieran en riesgo su vida, ya suma varias versiones de lo que le habría ocurrido.La lonchería de Martín Barba: ¿Cuánto cuesta comer en el restaurante del actor de ‘La Patrona’?Entre ellas se manejan rumores sobre una salud mental mermada a causa de la presión social ejercida en Corea del Sur sobre los jóvenes, y otras apuntan a un deceso repentino.Ninguna de estas versiones fue confirmada por familiares o la policía, quienes ya se encuentran investigando el caso.Mientras tanto, los seguidores de Han Sun Weol han expresado sus condolencias en redes sociales. Incluso, mencionaron su preocupación al notar que la joven dejó de subir contenido en sus perfiles desde hace una semana.Las causas de la muerte no han sido reveladas. (Foto: Tiktok @Sunwal950101). ¿Quién era Han Sun Weol?Lee Hae-Neun, nombre real de Han Sun Weol, era una youtuber coreana que tenía 32 años al momento de su fallecimiento.También se desempeñaba como modelo de carreras, trabajo que la llevó a participar en eventos como La Semana del Automóvil y El Salón del Automóvil en sus ediciones del 2016 al 2019.Después, se dedicó casi de lleno a crear contenido en YouTube. Han Sun Weol estaba casada y su esposo aún no se ha pronunciado públicamente sobre el deceso.","Title":"Muere Han Sun Weol, influencer coreana, a los 32 años: ¿Quién era y qué le pasó?","PublishedDate":1719431980,"Keywords":[]}