{"Id":"480785","Author":"Isaín Mandujano/Corresponsal","Content":"TUXTLA GUTIÉRREZ, Chis; 28 de junio.- El periodista Víctor Alonso Morales, director del medio de comunicación ‘Realidades’, fue hallado sin vida la mañana de este viernes en el tramo carretero de la autopista Ocozocoautla-Arriaga.La madrugada de hoy se reportó el hallazgo del cuerpo de una persona del sexo masculino sobre la cuneta de la carpeta asfáltica de la autopista Ocozocoautla-Arriaga, a la altura del Kilómetro 20+400, en las inmediaciones del ejido Tierra y Libertad, en el municipio de Jiquipilas.El comunicador vestía playera celeste, pantalón de mezclilla azul y tenis negros. Se encontraba atado de manos y tenía la cabeza cubierta con una manta negra.El cuerpo fue levantado por las autoridades y llevado al Servicio Medico Forense (SEMEFO) de Cintalapa por agentes periciales de la Fiscalía General del Estado (FGE) hasta donde llegaron sus familiares y lograron identificar que se trataba de Víctor Alonso Morales, director del medio digital ‘Realidades’.Sus colegas periodistas de Cintalapa también confirmaron que efectivamente el cuerpo hallado y que permaneció por varias horas en calidad de desconocido era el de Víctor Morales.¿Quién era Víctor Morales, el periodista asesinado en Chiapas?Originario de San Cristóbal de Las Casas, Víctor Morales, quien firmaba como director de ‘Realidades’, radicaba en Cintalapa, donde estaba casado y era padre de dos pequeños hijos.Hasta la tarde de este jueves, las autoridades estatales no han dicho nada sobre el asesinato del periodista de forma oficial.Víctor Morales se suma a la lista de periodistas asesinados en Chiapas, Fredy López Arévalo el 28 de octubre del 2021 y Mario Leonel Gómez Sánchez el 21 de septiembre del 2018. Crímenes que hasta ahora siguen en la impunidad.","Title":"Periodista Víctor Alonso Morales, director del medio digital ‘Realidades’, es asesinado en Chiapas","PublishedDate":1719620431,"Keywords":["periodista","juan carlos huerta","periodistas michoacán","pihuamo","periodistas asesinar","jeffery dahmer histori"]}