{"Id":"481438","Author":"Redacción","Content":"Una noche que parecía ser de diversión y baile para dos jóvenes se convirtió en una golpiza en un bar de Acoxpa, localizado en la zona sur de la Ciudad de México. Se trata del ‘Bar Bunny’. Estos hechos fueron captados a través de un video que circula en redes sociales, aquí se puede observar a uno de los jóvenes tirado en el suelo sin playera y el otro es fuertemente golpeado por varios hombres de playera negra, quienes aparentemente son trabajadores del lugar.#VIDEO:GOLPIZA a clientes en el bar Bunny de Acoxpa:Entre personal de seguridad y valet parking dejaron inconsciente a un joven y tundieron a otro esta madrugada. No hay detenidos. pic.twitter.com/aRfjPHhKdL— Antonio Nieto (@siete_letras) July 6, 2024 El mismo video muestra que otro sujeto de camisa negra, quien porta un radio en la bolsa trasera de su pantalón, se acerca al joven que se encuentra tirado en el suelo para sacarle algo de las bolsas de su pantalón.Tras agredir en varias ocasiones al joven que se encuentra de pie, los supuestos trabajadores del bar lo avientan encima del otro joven que se encontraba tirado en el suelo.Esta sucursal de ‘Bar Bunny’ se ubica en calzada Acoxpa 518, colonia Prado Coapa segunda sección, en la alcaldía de Tlalpan.Hasta el momento las autoridades de la Secretaría de Seguridad Ciudadana (SSC) de la capital no han informado nada sobre la agresión en contra de los dos jóvenes o la razón por la que se suscitó esta confrontación. Tampoco se conoce nada sobre el estado de salud de los dos jóvenes agredidos.Mientras que los administradores o dueños del ‘Bar Bunny’ no han dado a conocer su postura tras ocurrir la violenta golpiza.¿Qué otro hecho violentos ocurrió en el ‘Bar Bunny’?Este no es el primer hecho violento que ocurre en la sucursal de ‘Bar Bunny’ Acoxpa, debido a que en noviembre de 2023 se registró una una persona herida de bala tras una pelea. En ese momento, elementos de la Secretaría de Seguridad acudieron al lugar, pero no hubo ninguna persona detenida y el bar siguió operando con normalidad.⚠️En #Coapa una riña termino en disparos, una bala le entró en la espinilla a joven en el bar #Bunny de Acoxpa y División del norte pic.twitter.com/XABNEqxHMm— J.C. Williams (@JCWilliams54) November 16, 2023 Ante dicha situación, vecinos de la alcaldía de Tlalpan han exigido el apoyo de las autoridades debido a que los ataques violentos se han convertido en una práctica muy común para los centros nocturnos de la zona.Incluso algunos jóvenes están considerando que este lugar no es seguro para salir a divertirse.“Si te invitan al bar Bad Bunny en Acoxpa, ya deberías saber que algo va a salir mal”, escribió una usuaria en X, antes Twitter.“Lugares para nacos con gente naca de empleada y que solo unos (…) quieren hacer importante una zona qué está bien fea, el Bar Bunny lo cierra pronto el gobierno o lo cierra pronto el narco”, publicó otro usuario.Si te invitan al bar Bad Bunny en Acoxpa, ya deberías saber que algo va a salir mal.— Yoguini Urbana .ೃ࿐ (@yoguini_urbana) July 6, 2024 ","Title":"Golpiza en Bar Bunny de Acoxpa: Dos jóvenes son brutalmente agredidos por trabajadores","PublishedDate":1720301418,"Keywords":[]}