{"Id":"481584","Author":"Redacción","Content":"La noticia sobre la muerte de Paola, hermana de Carlos Salcedo, inició como un presunto asesinato por intento de asalto, pero María Isabel Hernández, madre de ambos, insiste que su hijo es el culpable.De acuerdo con un video con avances del caso, publicado por el periodista Carlos Jiménez y compartido por la mamá de Carlos Salcedo, Andrea Navarro, pareja del futbolista, tenía un vínculo con el cartel de Tepito y amenazó a Paola en el 2020.Carlos Salcedo vivió distintos conflictos con su familia (Foto: MexSport/Instagram @isabellahn8) ¿Por qué acusan a Carlos Salcedo y a su pareja? La familia de ambos acusa a Salcedo y a su pareja porque en el 2020, Andrea Navarro y sus hermanas amenazaron a Paola por redes sociales y a través de algunos conocidos. Según el video compartido por la madre de ambos, en 2018 su hermana descubrió que Andrea le fue infiel al futbolista de Cruz Azul con un familiar suyo: Erick Yahir. Además, Paola le mostró pruebas a su hermano, lo que provocó la separación de la pareja por algunos meses. La familia de Salcedo también señaló que él no se puso en contacto con ellos ni acudió al velorio tras la muerte de su hermana.Las Águilas siguen volando: América vence 2-1 a Tigres en la Supercopa de la Liga MX 2024 ¿Quiénes son los detenidos por la muerte de Paola Salcedo? La Fiscalía General de Justicia del Estado de México detuvo a dos sujetos el pasado viernes 5 de julio, quienes podrían estar implicados en el asesinato de Paola.Según el comunicado de la Fiscalía del Estado de México, el motivo del crimen fue un robo, por lo que se realizará la investigación en contra de los dos detenidos.“Dos masculinos que tripulaban una motocicleta se aproximaron al estacionamiento; uno de ellos descendió y amagó con un arma de fuego a M.P.S.H. con el objeto de despojarla de sus pertenencias y, ante la resistencia de la víctima, el sujeto accionó el arma en su contra”, mencionó el texto de la Fiscalía.De acuerdo con el video compartido en la cuenta de Paola, los detenidos se encontraban drogados y, al buscar dinero para continuar haciéndolo, asaltaron a la hermana del jugador.Sin embargo, la familia asegura que no se trató de un robo y mantiene firme su postura de que su hermano y Andrea son responsables de la muerte de Paola. Esto, después de que el jugador de Cruz Azul buscó salir del club. La mamá de Carlos Salcedo compartió un video donde acusa a su hijo de asesinar a su hermana. (Foto: Instagram @paosh07 @csalcedojr)  (Instagram @paosh07 @csalcedojr)Mamá de Paola recuerda a su hija en su cumpleañosIsabel Hernández, mamá de Paola y Carlos,  divulgó la información a través de su perfil de Instagram y de la cuenta de Paola, donde aprovechó para compartir una publicación de su cumpleaños el año pasado. Isabel recordó las publicaciones de su hija de 2023, donde Paola publicó fotografías y videos de ambas.La madre de Paola Salcedo recuerda su cumpleaños del 2023 y pide justicia por su hija. (Foto: Instagram paosh07) “Feliz cumpleaños a la mejor madre y amiga, te amo con toda mi alma, gracias por ser mi punto de equilibrio y mi paz mental, Dios te bendiga siempre”, escribió Paola.","Title":"¿Por qué la mamá de Carlos Salcedo insiste en feminicidio de Paola?","PublishedDate":1720501513,"Keywords":["feminicidios","monserrat juarez","feminicidio en mexico","monserrat","milagro","feminicidio edomex"]}