{"Id":"481785","Author":"Redacción","Content":"Benji Gregory, protagonista del programa de televisión Alf, murió a los 46 años. El actor fue encontrado en un estacionamiento en Arizona, Estados Unido, al lado del perro que lo asistía, el cual también perdió la vida en el interior del vehículo.Cuando era niño, el actor participó en la serie de televisión creada por Tom Patchett y Paul Fusco, la cual narra las aventuras de un famoso extraterrestre y se transmitió de 1986 a 1990.De acuerdo con lo compartido por la familia, los primeros reportes indican que el famoso falleció a consecuencia de un golpe de calor que lo afectó después de quedarse dormido en su vehículo, pero por el momento no existe una causa de muerte oficial, esto de acuerdo con lo publicado por el portal TMZ. 'Alf' era una serie de televisión popular en la década de los 80. (Foto: IMDB) (Ricardo Díaz)Según lo compartido por el medio de espectáculos este miércoles 10 de julio, la fecha del fallecimiento del actor fue el pasado 13 de junio, sin embargo, se desconoce el motivo del anuncio hasta casi un mes después. Respecto a los padecimientos que padecía Gregory, él tenía problemas relacionados con su estado de ánimo, como depresión, bipolaridad y trastornos del sueño, causándole problemas al dormir, compartió su hermana con el mismo portal citado anteriormente, Benji Gregory tenía un perro llamado Hans. (Foto: Instagram @benji_gregory) ¿Quién era Benji Gregory? Benji Gregory vivió un auge de su carrera artística cuando se integró al elenco del programa de TV Alf, sin embargo, de acuerdo con IMDb, a finales de los 90 se retiró de la actuación. Caso Paola Salcedo: Detienen a presuntos asesinos de la hermana de Carlos SalcedoTMZ compartió información de su vida, y aseguran que en 2003 se alistó a la marina de los Estados Unidos, estudió artes y en 2005 recibió una baja honorable del ejército a consecuencia de una enfermedad, la cual no se especifica. Según la reviste ELLE, el actor se casó en 2006 con Sarah Gregory, pero poco se conoce de su vida privada, asimismo no se sabe si tenía una enfermedad crónica, pero en sus redes sociales compartió un par de imágenes con medicamento intravenoso. 'Alf' es un programa de TV popular en la década de 1980. (Foto: IMDB) (Ricardo Díaz)¿En qué películas y series participó Benji Gregory? La carrera de actor de Gregory duró poco tiempo. IMDB tiene registro de la participación de Benji en las siguientes películas y series. El equipo A (1984).T. J. Hooker (1984).Punky Brewster (1985).Cuentos asombrosos (1985).Más allá de los límites de la realidad (1985). La última aventura de Thompson (1986).Jumpin Jack Flash (1986). Alf (1986).Alf Loves Mystery (1987).Pound Pupies (1987). El fantástico Max (1988). Regreso al futuro (1992). El bosque de colores (1993).","Title":"Muere Benji Gregory, actor de Alf, a los 46 años: Fue hallado sin vida junto a su perro","PublishedDate":1720658962,"Keywords":[]}