{"Id":"482001","Author":"Crisstian Villicaña","Content":"El feminicidio de la mexicalense Paola Andrea Bañuelos Flores se perpetró a con un estrangulamiento que terminó asfixiándola.Según el informe del Servicio Médico Forense (SEMEFO) en Mexicali, la necropsia arrojó que la falta de oxígeno fue lo que no le permitió a la joven permanecer con vida la madrugada del 8 de julio, fecha en que desapareció tras abordar un taxi de plataforma digital de la compañía Didi.La autoridad forense no proporcionó más detalles acerca del crimen de la universitaria de 23 años, que había salido a divertirse con amigas al centro nocturno que lleva por nombre “La Consentida”, en el boulevard Benito Juárez.SEMEFO envió el informe de la necropsia a la Fiscalía General del Estado de Baja California (FGE BC) para que se integre a la investigación en curso; para el análisis se tomó ADN del padre, madre y hermano de la víctima.El jueves 11 de julio, un equipo K-9 localizó el cuerpo de Paola Andrea en las Islas Agrarias, en Mexicali. En conferencia de prensa, la fiscal del estado, María Elena Andrade Ramírez, informó que las autoridades encontraron un cadáver en la colonia Islas Agrarias, cuyas características coincidían con las de la joven desaparecida.Se prevé que en próximas horas arribe a la capital de la entidad Sergio Daniel “N”, conductor de Didi que brindó el viaje donde Paola Andrea fue vista por última vez.Feminicidio de Kimberly Kasumi ‘N’: ¿Qué sabemos acerca del caso?El chófer dijo que su entrega a la autoridad de Ciudad Obregón, Sonora, se dio debido a que tuvo que huir de Mexicali, Baja California, por temor a que le hicieran daño a su persona o familia, esto luego que dijo recibir amenazas a través de redes sociales.Fue también por internet, en específico por Facebook, donde se compartieron historias de un perfil bajo el nombre de Sergio Daniel “N”, publicaciones en las que se culpa a dos sujetos de ser los responsables del feminicidio de la joven de 23 años.","Title":"Feminicidio de Paola Bañuelos: Asfixia por estrangulamiento fue la causa de muerte","PublishedDate":1720820999,"Keywords":["feminicidios","monserrat juarez","feminicidio en mexico","monserrat","milagro","feminicidio edomex"]}