{"Id":"482425","Author":"Martha Casas","Content":"Durango, Dgo.- Ixchel Yadira Leyva Fernández, una mujer de 37 años, fue asesinada por su pareja, Óscar Emilio ‘N’, quien la había reportado como desaparecida días después de su ausencia ante las autoridades de Durango, pero se rehusó a formalizar la denuncia.Ixchel estuvo “desaparecida” por 10 días. La Fiscalía del Estado de Durango ya ha confirmado el hallazgo de su cuerpo. De acuerdo con la autoridad, el esposo enterró clandestinamente a la mujer en un rancho en Canatlán.La fiscala general del Estado, Sonia de la Garza confirmó el hallazgo del cuerpo y señaló que luego de investigaciones se derribó la coartada del presunto feminicida. Tras corroborar más de 70 elementos de prueba, se giró la orden de aprehensión; el sujeto fue detenido este miércoles en el estado de San Luis Potosí.El presunto responsable había montado una coartada y una serie de mentiras para ocultar su crimen; en este encubrimiento y en el entierro clandestino del cuerpo, está involucrado el papá del asesino.Ixchel fue vista por última vez el 6 de julio. Tenía dos hijas adolescentes y vivía con el hombre que la mató.Génesis: ¿Qué sabemos del software para la búsqueda de desaparecidos que tiene la Fiscalía de Zacatecas?Exigimos se esclarezca el trágico feminicidio de #Ixchel. #DurangoFeminicida 11 días deseando que Ixchel volviera con vida, trágicamente no fue así! Este no es un estado que cuida a sus mujeres! Exigimos que no falte #NiUnaMas Hoy #NosFaltaIxchel #justiciaparaixchel@EVillegasV pic.twitter.com/B4POEeCcel— Movimiento de Madres Defensoras de DDHH (@MMDDHHMx) July 17, 2024\n\n\nNos falta Ixchel: Mujeres protestan por el feminicidio en DurangoLos grupos feministas han convocado a una marcha de protesta este miércoles en la principal arteria de la capital de Durango, para llegar a Catedral Basílica Menor y celebrar una misa por el eterno descanso de Ixchel.Esta tarde, mujeres realizan la Marcha del Silencio por Ixchel Yadira. Las mujeres llevan pancartas con fotografías de la mujer; además, se han colocado una cinta en la boca con la leyenda “Durango feminicida”.De acuerdo a los datos proporcionados por la Fiscal General del Estado, el de Ixchel Yadira es el séptimo feminicidio en lo que va del año 2024 en el estado de Durango, pero de acuerdo a las asociaciones feministas como “Si Hay Mujeres en Durango”, suman 15 mujeres asesinadas este año, aunque no todos los casos han sido clasificados como feminicidios.","Title":"Feminicidio de Ixchel Yadira: Fiscalía de Durango detiene a Óscar, su pareja, por el asesinato","PublishedDate":1721265499,"Keywords":["feminicidios","monserrat juarez","feminicidio en mexico","monserrat","milagro","feminicidio edomex"]}