{"Id":"482553","Author":"Juan Carlos Huerta","Content":"La activista Irma Fregoso Ortiz, vicepresidenta en Puerto Vallarta del organismo a favor de las femineidades 50+1, el cual promueve una agenda de género por una igualdad sustantiva, fue asesinada a quemarropa en la vía pública, provocando la indignación de personajes públicos y organismos.Fregoso Ortiz también era hermana de la excandidata a diputada federal del distrito 5, en representación del Partido Verde Ecologista de México (PVEM), Magaly Fregoso.Los hechos ocurrieron en el cruce de las calles Nicaragua y Colombia, en la colonia 5 de Diciembre, cuando Fregoso se despidió de un hombre que la acompañaba. Lamento de todo corazón el terrible fallecimiento de Irma Fregoso, hermana de mi amiga @MagalyFregosoO. Sé que no hay palabras que aminoren el dolor que atraviesa la familia, pero cuentan con mis oraciones para su pronta resignación. DEP 🙏🏼— LuisErnestoMunguia (@LuisMunguia2024) July 15, 2024\n\n\nAl salir de una reunión; en un video difundido en redes sociales, se aprecia a Irma cuando cruza la calle. Posteriormente, en la esquina fue alcanzada por su agresor, quien llegó corriendo y le disparó, luego persiguió al acompañante de la activista, quien evadió los balazos ocultándose detrás de un carro estacionado. El sujeto huyó del sitio.Tras el ataque llegaron policías municipales y paramédicos que auxiliaron a Fregoso Ortiz, quien presentaba varias lesiones, una de ellas en el rostro. Fue trasladada para recibir atención médica la clínica 42 del Instituto Mexicano del Seguro Social, donde falleció mientras era atendida.La organización 50+1, a través de sus redes sociales, condenó el asesinato y exigió a las autoridades investigar las causas del homicidio y dar con el responsable material y los autores intelectuales.¿Puerto Vallarta, eres tú? Estas ciudades dejaron de ser las más seguras en México, según InegiDesde la Colectiva Nacional 50+1 condenamos el #feminicidio de nuestra Vicepresidenta en el capítulo 50 más 1 Puerto Vallarta Irma Fregoso Ortiz.Exigimos todo el peso de la ley contra los responsables. Nuestras más sinceras condolencias querida @MagalyFregosoO #QEPD tu hermana pic.twitter.com/Qlp5zNce11— 50+1 (@50mas1Mx) July 15, 2024\n\n\nIdentifican al asesino de Irma Fregoso El asesino de la activista fue reconocido como Rodrigo ‘N’, quien, según investigaciones de la fiscalía, ya es buscado por las autoridades.El presunto asesino se ha desempeñado como delegado sindical del hotel Grand Venetian, y estuvo presente en la reunión, registrada en las instalaciones de la Confederación de Trabajadores de México (CTM), a la que asistió Irma Fregoso, puesto que ella era representante legal del establecimiento. La junta se había convocado para la revisión del contrato colectivo de los trabajadores.Al momento se ha convocado a una marcha pacífica que partirá del Parque de las Mujeres en punto de las 17:15 horas de este viernes. El lugar se ubica en el cruce de las rúas principales de la localidad: Avenida Francisco Medina Ascencio y el Libramiento Luis Donaldo Colosio.El contingente circulará por Arcos del Malecón y hará un recorrido de casi tres kilómetros. Se invita a los asistentes a vestir de blanco y llevar globos del mismo color y pancartas.","Title":"¿Quién era Irma Fregoso, la activista y feminista asesinada en Puerto Vallarta?","PublishedDate":1721354999,"Keywords":["periodista","juan carlos huerta","periodistas michoacán","pihuamo","periodistas asesinar","jeffery dahmer histori"]}