{"Id":"482735","Author":"Juan Carlos Huerta","Content":"La Fiscalía de Jalisco investiga el asesinato de familiares del creador de contenido de TikTok,  Luis Robelo, en el municipio de Encarnación de Díaz, Jalisco.Los familiares del influencer fueron asesinados en una demarcación que se encuentra en conflicto por la presencia y reacciones de adeptos del Cártel Jalisco Nueva Generación (CJNG) e integrantes del Cártel de Sinaloa, que luchan por el territorio en la zona Altos Norte de la entidad.El influencer denunció la muerte de sus familiares, durante una transmisión en vivo. (Foto: instagram @robeloangell) ¿Qué le pasó a la familia de Luis Robelo, influencer en Tik Tok?Los hechos ocurrieron durante la tarde del sábado pasado cuando el padre y hermano del creador de contenido en redes sociales fueron víctimas de un ataque armado. Si bien la Fiscalía del Estado informó que ya se trabaja en el caso para dar con el paradero de los responsables, la dependencia no ha dado a conocer avances de la indagatoria.“Mataron a mi papá y a mi hermano”, relató el influencer en su transmisión en vivo, donde se le ve llorando y enojado con la Fiscalía del Estado de Jalisco.El influencer, Luis Robelo, se encontraba en una transmisión cuando asesinaron a su padre y a su hermano. (Foto: instagram robeloangell) ¿Cómo va la investigación por el asesinato de la familia de Luis Rabledo?La Fiscalía informó que la agresión fue durante la tarde del sábado afuera del domicilio ubicado en la calle Morelos Norte, en la colonia San Antonio, de la Delegación San Sebastián, a donde llegó personal paramédico que constató el deceso.Mientras los policías ministeriales y peritos forenses trabajaban en la escena del crimen, el cantante e influencer Luis Ángel Robelo hizo una transmisión en tiempo real mostrando lo que estaba sucediendo. Varios de sus seguidores preguntaban sobre la situación.Luis Ángel Robelo estaba afuera de la casa, llorando y gritando que habían matado a su padre y hermano, mientras que con su celular, mostraba los cuerpos inertes de sus familiares mientras abrazaba a una mujer y dejaba caer su teléfono.En otro video, desatendió las peticiones del personal de la Fiscalía para no exponer en redes sociales la escena del crimen, pero él exigió justicia para sus familiares.Luis Ángel Robelo es cantante, músico y creador de contenido conocido por sus publicaciones de humor y entretenimiento, en ocasiones conjuntamente con David González, ‘La Venenito’, y cuenta con casi 7 millones y medio de seguidores en TikTok.","Title":"Luis Ángel Robelo: Asesinan a papá de tiktoker en  transmisión en vivo","PublishedDate":1721615487,"Keywords":["periodista","juan carlos huerta","periodistas michoacán","pihuamo","periodistas asesinar","jeffery dahmer histori"]}