{"Id":"482719","Author":"David Saúl Vela","Content":"Milton Ludgerio Morales Figuera, jefe de la Unidad de Operaciones Especiales de la Secretaría de Seguridad Ciudadana de la Ciudad de México (SSC-CDMX) fue asesinado este domingo a tiros en Coacalco, Estado de México.Pablo Vázquez Camacho, titular de la SSC-CDMX, confirmó el hecho y ofreció que no habrá impunidad en este caso.“Lamento informar que, derivado de un cobarde ataque ocurrido en #Coacalco Estado de México, mi compañero y amigo, Comisario Jefe Milton Morales Figueroa perdió la vida”, dijo Vázquez en la red social X.Destacó que se trabajará de la mano con las autoridades del Estado de México con el fin de dar con los responsables del homicidio del mando, quien tenía a su cargo la investigación de casos relevantes como el del atentado contra el periodista Ciro Gómez Leyva.“A sus familiares, les envío un abrazo fraterno y solidario, sepan que cuentan con nosotros en esta Secretaría y que no descansaremos hasta detener a los agresores. No daremos un paso atrás, redoblaremos los esfuerzos en nuestra lucha por la paz y la seguridad”, agregó el secretario Vázquez.¿Quién era el Comisario Jefe Milton Morales Figueroa?Morales Figueroa era abogado y contaba con estudios de maestría en Derecho Penal por la Universidad Insurgentes.Emergencia en Metro Hospital General: Policías salvan a niño con problema cardiacoEn la SSC-CDMX tenía el grado de Comisario General y el cargo de coordinador General de la Unidad de Estrategia Táctica y Operaciones Especiales, cuya labor es realizar funciones de investigación de delitos, en coordinación con el agente del Ministerio Público, de inicio a fin.Dicha coordinación está compuesta por dos áreas: la Dirección General de Atención Inmediata a Casos de Alto Impacto y la Dirección General de Operaciones de Reacción e Intervención Inmediata.Según los primeros reportes, el homicidio de Morales Figueroa ocurrió la mañana de este domingo cuando estaba frente a una pollería, localizada en el centro del municipio mexiquense de Coacalco de Berriozábal.Según testigos, sujetos que viajaban en una motocicleta llegaron a la zona y uno de ellos disparó en repetidas ocasiones y en forma directa contra el mando capitalino.Y aunque los paramédicos llegaron al lugar nada pudieron hacer para salvarle la vida, pues el hombre de 40 años falleció debido a disparos que recibió en la cabeza.Al lugar se presentaron policías municipales y estatales, así como el agente del Ministerio Público del Estado de México. También llegaron policías de la Ciudad de México, entre ellos elementos del grupo Cóndores.Hasta el momento no se tiene el reporte de alguna persona detenida por estos hechos.","Title":"Asesinan a mando de la Policía de la CDMX; investigó atentado contra Ciro Gómez Leyva","PublishedDate":1721596144,"Keywords":["periodista","juan carlos huerta","periodistas michoacán","pihuamo","periodistas asesinar","jeffery dahmer histori"]}