{"Id":"482724","Author":"Darío Lagunas / Corresponsal","Content":"Una llamada de emergencia durante la madrugada de este domingo alertó a las autoridades en Acapulco, Guerrero, sobre detonaciones de armas de fuego al interior de la icónica discoteca Baby Lobster, la cual se encuentra ubicada en el corazón de la avenida costera Miguel Alemán Valdés.De acuerdo con los primeros reportes policiacos, este ataque con armas de fuego dejó como saldo preliminar un hombre muerto y uno más herido, el cual se trasladó por sus propios medios a un hospital privado, donde horas más tarde falleció a causa de la gravedad de las heridas.Los reportes indican que la balacera ocurrió minutos después de las 04:00 horas al interior de la zona de los baños de esta discoteca, donde quedó el cuerpo de la primera víctima tendida boca abajo, un hombre de tez morena de aproximadamente 30 años.A la llegada de los elementos de la policía turística de Acapulco se encontró a un segundo hombre herido por armas de fuego, mismo que falleció minutos más tarde mientras recibía atención médica en un hospital privado, reportando que se hallaron por lo menos 11 casquillos percutidos de armas calibre 9 milímetros en la zona del ataque.Hasta el lugar arribaron elementos de la Fiscalía General del Estado de Guerrero, quienes aseguraron el establecimiento que al momento del ataque ya se encontraba cerrado, para posteriormente iniciar con las indagatorias para esclarecer estos hechos que se suscitan al cierre del primer fin de semana del periodo vacacional del verano en el puerto de Acapulco.Este es el segundo ataque que se registra al interior de esta discoteca, pues el pasado 28 de enero de 2018, en condiciones similares, se registró el asesinato de una persona y cinco más resultaron heridas luego de una pelea que se suscitó en la pista de baile, en la que uno de los implicados accionó su arma de fuego y posteriormente huyó del lugar.","Title":"Balacera en un antro de Acapulco deja dos hombres muertos","PublishedDate":1721601246,"Keywords":[]}