{"Id":"482865","Author":"Juan Carlos Huerta","Content":"Las autoridades judiciales y policiales buscan a Rodrigo Pelayo Yerena, presunto asesino de la activista Irma Fregoso, delegada del organismo de femineidades 50 + 1.La Fiscalía de Jalisco solicitó a un juez de oralidad estatal una orden de aprehensión contra el sujeto que se desempeña como el representante sindical de los empleados del hotel Grand Venetian en Puerto Vallarta. El Fiscal del estado, Luis Joaquín Méndez Ruíz,  confirmó: “estamos en una investigación abierta; lo que te puedo decir es que hay un orden de aprehensión en contra de una persona del sexo masculino. Vamos a esperar que se cumplimente. Continuó: “Ya estamos trabajando con eso, tenemos operativos en algunas zonas, y que por cuestiones de la propia investigación las voy a omitir, pero yo espero en los próximos días estar dando por conducto del área de comunicación social algunos avances de la cumplimentación de la orden”.Hallan sin vida a Irma Fregoso La agresión ocurrió afuera de las instalaciones de la CTM, ubicada en el cruce de la calle Nicaragua y Colombia, de la colonia 5 de Diciembre en Puerto Vallarta.El presunto homicida fue identificado como Rodrigo “N”, quien es delegado sindical del hotel Grand Venetian, y la mañana del pasado lunes sostuvo una reunión con la fallecida Irma Fregoso, pues ella era representante legal del hotel, y el tema de la  junta fue revisión del contrato colectivo de los trabajadores.El hecho ha movilizado a integrantes de organismos de defensa de las mujeres, quienes en redes sociales difunden la fotografía del señalado homicida, y piden la colaboración ciudadana para denunciarlo, y consolidar su aprehensión.El día de los hechos, el sujeto siguió a la activista y aprovechó que recién se despidió de una persona que la acompañaba, y la asesinó por la espalda. Luego, al percatarse que el acompañante atestiguó el asesinato, lo persiguió disparándole con su arma de fuego, y luego huyó.Hasta el momento se desconoce su paradero, y se mantiene vigilancia en su domicilio y oficinas.","Title":"Líder sindical del hotel Grand Venetian, el principal sospechoso del feminicidio de Irma Fregoso","PublishedDate":1721726774,"Keywords":["feminicidios","monserrat juarez","feminicidio en mexico","monserrat","milagro","feminicidio edomex"]}