{"Id":"482899","Author":"","Content":"Milton Morales Figueroa, uno de los oficiales más cercanos a Omar García Harfuch, quien será el próximo secretario de Seguridad de la presidenta entrante, Claudia Sheinbaum fue pieza clave en la estrategia de seguridad de Ciudad de México.Con un bajo perfil, Morales Figueroa era el responsable de las investigaciones de todos los casos de alto impacto en la ciudad. Fue hasta el pasado domingo 21 de julio que perdió la vida, en Coacalco, Estado de México después de que fuera emboscado por una célula criminal.Nació en el estado de Aguascalientes, era maestro en Derecho con más de 17 años de experiencia en temas de seguridad.De acuerdo con un comunicado de la Secretaria de Seguridad Ciudadana de la CDMX, Milton Morales perteneció a la extinta Policía Federal donde ocupó el cargo de Director General Adjunto y posteriormente perteneció a la Fiscalía General de la República (FGR), en la que continuó como Director General Adjunto aportando su vasta experiencia para la implementación de estrategias de investigación.En la Ciudad de México, ocupó el cargo de Director de la Fuerza Antisecuestro en la Fiscalía General de Justicia (FGJ) y después se unió a esta Secretaría de Seguridad Ciudadana donde se desempeñó como primer Coordinador General de la Unidad de Estrategia Táctica y Operaciones Especiales.Gracias a su experiencia y gran perfil investigador, encabezó grandes investigaciones para desarticular bandas de narcomenudeo y narcotráfico además de liderar casos mediáticos como el intento de asesinato contra el periodista de Grupo Fórmula, Ciro Gómez Leyva y el allanamiento a la casa del cantante Miguel Bosé, según El País.Omar García Harfuch: ¿Quién es la mamá actriz del secretario de Seguridad de Sheinbaum?Además de haber participado en investigaciones relevantes como el mayor decomiso de cocaína en la Ciudad de México y obtuvo la primera orden de aprehensión por la Ley Olimpia.Milton Morales también tuvo varios reconocimientos entre los que destacan la medalla al mérito policial segunda clase, otorgada por la Policía Federal en el año 2012; el reconocimiento otorgado por el Senado de la República por ser funcionario ejemplar en el 2016; y el reconocimiento al desempeño y labor extraordinario por la PGR en el 2017.¿Qué dijo Rosa Icela sobre la investigación de Milton Morales?Por su parte, el Gobierno de México anunció este martes que investiga el homicidio del jefe de inteligencia de la policía de Ciudad de México, el comisario Milton Morales, quien murió el domingo en un presunto atentado durante su día libre.La secretaria de Seguridad y Protección Ciudadana, Rosa Icela Rodríguez, reveló la indagatoria en la conferencia matutina del Gobierno, pero no ofreció más detalles sobre el crimen de Morales.“No queremos ningún detalle, filtración ni nada, lo que queremos es castigo a los responsables. Que no haya impunidad en este caso”, aseguró Rodríguez en el Palacio Nacional.Morales, coordinador General de la Unidad de Estrategia, Táctica y Operaciones Especiales de la Secretaría de Seguridad Ciudadana (SSC) de Ciudad de México, fue asesinado en el municipio de Coacalco.Habitantes del centro de la ciudad reportaron disparos y después la muerte del funcionario, quien “tenía a su cargo investigaciones fundamentales, prácticamente todas las investigaciones de alto nivel, difíciles, de combate a las bandas delictivas”, según el jefe de Gobierno de Ciudad de México, Martí Batres.Aún así, Rodríguez no adelantó alguna teoría central del homicidio.“Muchos de nosotros conocíamos a este director general, a Milton, era un buen compañero, competente, y buen colaborador en los temas de seguridad. Lamentar y enviar nuestro abrazo de solidaridad a los compañeros y la familia de Milton”, declaró la secretaria.El asesinato se considera un ataque al círculo cercano de García Harfuch, quien también fue secretario de Seguridad de Sheinbaum cuando ella era jefa de Gobierno de Ciudad de México (2018-2023), donde él sobrevivió a un atentado en 2020 por parte del Cártel Jalisco Nueva Generación (CJNG).* Con información de EFE","Title":"Asesinato de Milton Morales: ¿Quién era el policía cercano a Harfuch asesinado en Coacalco?","PublishedDate":1721765161,"Keywords":["periodista","juan carlos huerta","periodistas michoacán","pihuamo","periodistas asesinar","jeffery dahmer histori"]}