{"Id":"483076","Author":"Bloomberg / Augusta Saraiva","Content":"El crecimiento de la economía de Estados Unidos se aceleró más de lo previsto en el segundo trimestre, lo que ilustra que la demanda se mantiene bajo el peso de los mayores costos de endeudamiento.El Producto Interno Bruto (PIB) aumentó a una tasa anualizada de 2.8 por ciento en el periodo abril-junio después de subir 1.4 por ciento en el trimestre anterior, mostró la estimación inicial del Gobierno de Joe Biden.El principal motor de crecimiento de la economía, el gasto personal, avanzó 2.3 por ciento, también más de lo previsto.Aunque el ritmo de crecimiento se aceleró respecto al primer trimestre, las cifras todavía representan una moderación con respecto a 2023. El gasto de los consumidores y la actividad económica en general se han enfriado bajo el peso de la alta tasa de interés de la Fed, lo que al mismo tiempo está ayudando a controlar gradualmente la inflación en Estados Unidos. ¿Por qué la cifra de crecimiento de EU ayuda a la Reserva Federal?Eso es un buen augurio para la Reserva Federal, que está tratando de lograr un aterrizaje suave para la economía y probablemente comenzará a recortar las tasas de interés tan pronto como en septiembre. Sin embargo, será un buen equilibrio enfriar el mercado laboral lo suficiente sin dejar a millones de personas sin trabajo, especialmente porque el desempleo ha aumentado durante tres meses consecutivos.“Este es un informe perfecto para la Reserva Federal, el crecimiento durante la primera mitad del año no es demasiado acelerado; la inflación continúa enfriándose, y el elusivo escenario de aterrizaje suave parece estar al alcance de la mano”, apuntó Olu Sonola, jefe de investigación económica de Fitch Ratings, en una nota.Los rendimientos de los bonos del Tesoro aumentaron ligeramente y los futuros de acciones fluctuaron después del informe. No se espera que las autoridades reduzcan las tasas cuando se reúnan la próxima semana.Our Administration is fighting every single day to lower costs for hardworking families. pic.twitter.com/A4Wi1Z0R0J— The White House (@WhiteHouse) July 24, 2024\n\n\nConsumo interno ‘mueve’ a la economía de EUEl consumo interno ha desafiado las expectativas de los analistas, pues EU sigue bajo los efectos de una alta tasa de interés de la Fed. (Gabby Jones/Bloomberg)El gasto del consumidor fue impulsado principalmente por un repunte de los bienes duraderos como automóviles y muebles, así como por un avance más moderado en los desembolsos en servicios en comparación con el primer trimestre, según el informe del PIB.El gasto público contribuyó más al PIB en comparación con los primeros tres meses del año, impulsado por el gasto en defensa. La inversión residencial restó crecimiento al crecimiento por primera vez en un año, ya que las altas tasas hipotecarias limitaron la actividad de ventas y las nuevas construcciones.La inversión empresarial creció al ritmo más rápido en casi un año, liderada por el mayor avance en equipos desde principios de 2022. Un informe separado de este jueves 25 de julio mostró que los pedidos realizados a fábricas estadounidenses de equipos comerciales, excluidos aviones y defensa, aumentaron en junio en la mayor proporción desde principios del año pasado. Es una señal de que ese gasto seguirá contribuyendo al crecimiento en los próximos meses.Los inventarios aumentaron el PIB por primera vez desde el tercer trimestre del año pasado, impulsados por el mayor salto en el valor de los automóviles minoristas registrado después de que un ciberataque obstaculizó la capacidad de algunos concesionarios para procesar las ventas. Excluyendo los inventarios, el gasto público y el comercio, las ventas finales ajustadas por inflación a compradores nacionales privados -un indicador clave de la demanda subyacente- aumentaron un 2,6% por segundo trimestre consecutivo.","Title":"Buena noticia para México: PIB de EU crece 2.8%, más de lo esperado, en segundo trimestre","PublishedDate":1721917429,"Keywords":["encuesta claudia vs xochitl","voto 2024 encuestar","noticia de presupuesto","salarios nominal","pago días festivos","galvez encuestar"]}