{"Id":"483484","Author":"Bloomberg","Content":"Hamás informó, este martes, que Israel mató a su líder político, Ismail Haniyeh, en un ataque aéreo en Irán. “El hermano líder, mártir combatiente Ismail Haniyeh, líder del movimiento, falleció como resultado de una redada traicionera sionista en su residencia en Teherán, después de participar en la ceremonia de investidura del nuevo presidente iraní”, confirmó el grupo en un comunicado.Haniyeh, radicado en Qatar, estuvo en Teherán para la toma de posesión del nuevo presidente de Irán, el reformista Masud Pezeshkian. Israel prometió matar a los líderes de Hamás, luego de la incursión del grupo, el pasado 7 de octubre. El reporte se dio luego de  un ataque de Israel en Beirut, que mató al “jefe militar de mayor rango” del grupo chií libanés y asesor cercano del líder de la organización Hasán Nasrallah.”En una operación de asesinato selectivo, aviones de combate atacaron Beirut, mataron a Fuad Shukr “Sayyid Muhsan”, el comandante militar de mayor rango de la organización terrorista Hizbulá y responsable de la formación estratégica de la organización”, confirmó un comunicado castrense.Así quiere convencer Nicolás Maduro a EU y Brasil de que no se robó elección en VenezuelaEl Ejército israelí confirmó horas antes haber bombardeado Beirut en una operación dirigida contra el “comandante responsable del asesinato de niños en Majdal Shams” —en referencia al ataque atribuido a Hizbulá en el que murieron 12 menores de entre 10 y 16 años—; pero hasta ahora no había difundido su identidad.”La respuesta llegará pronto y será dura” advirtió el lunes Netanyahu, en una visita a Majdal Shams, ciudad drusa en los Altos del Golán, ocupados por Israel desde 1967, después de que el gabinete de seguridad le diera luz verde para decidir la forma y el momento de la represalia contra Hizbulá.La comunidad internacional, especialmente Estados Unidos, está mediando para que la represalia de Israel no desemboque en una guerra abierta en la frontera entre Israel y Líbano que vive su mayor pico de tensión desde 2006, cuando el Ejército israelí y Hizbulá ya libraron una guerra.-Con información de EFE.","Title":"Ismail Haniyeh, líder de Hamás, fue asesinado en un ataque en Teherán","PublishedDate":1722397315,"Keywords":["periodista","juan carlos huerta","periodistas michoacán","pihuamo","periodistas asesinar","jeffery dahmer histori"]}