{"Id":"484190","Author":"Redacción","Content":"Medio millón de pesos es la cantidad que ofrece en recompensa una madre que exige justicia para su hijo asesinado en Michoacán. Esta cantidad será entregada a quien ayude para dar con el paradero del principal sospechoso, identificado como Jorge Luis Villalón Torres.Alexander Ramírez Ortiz, un adolescente de 16 años, se destacaba como estudiante de la preparatoria en Lázaro Cárdenas, con una vida familiar y libre de amenazas. No obstante, el 5 de junio de 2023, por la noche, cuando se encontraba en compañía de su madre, dos sujetos vestidos de negro lo atacaron al dispararle una vez en la cabeza y una más en el hombro.La Fiscalía General del Estado señala al sujeto, por el cual la institución ofrecer 100 mil pesos de recompensa, más el dinero que propone la madre de la víctima, identificada como Isis Nínive, quien presuntamente era la jefa laboral del señalado por el asesinato del joven.“Quiero mandar un mensaje a las personas. A todos los que se enteren de lo que le pasó a mi hijo, yo ofrezco una recompensa de 500 mil pesos, porque no es justo cómo murió mi hijo; él no era un delincuente. Él no tenía nada que ver. No fue en un robo de vehículo, a mí no me dispararon. Jorge Luis Villalón Torres me amenazó, me dijo que se las iba a pagar, ¿cómo?, con la vida de mi hijo”, declaró consternada, publicó Quadratin.La agencia informativa señala que Isis Nínive es una empresaria del ramo de transporte de carga federal, que incurrió también en el servicio de seguridad privada como negocio, para lo cual, a través de recomendaciones de conocidos contrató a Villalón Torres, un marino retirado y con experiencia en seguridad.“Yo le ofrecí de salario siete mil semanales, con la oferta de que al ir creciendo ganaría más. Todo iba funcionando bien en la relación obrero patronal. Trabajó un año conmigo; sin embargo, de un momento a otro comenzó a pedirme cuentas, fue entonces que le aclaré que él era un trabajador, asegurado y con salario”, declaró.  Envíos de aguacate a EU: ¿Cuándo se reanudarán y quiénes vigilarán a inspectores en Michoacán?El disgusto y conflicto inicial fue porque al parecer Jorge Luis Villalón Torres entendió que sin poner capital para la empresa de seguridad privada, sería socio, situación que supuestamente lo desquició y comenzó con amenazas y agresiones.  Según relató la empresaria, el sujeto incluso llevó su queja a tribunales, pero perdió, después presentó una denuncia penal por agresiones y tampoco procedió, por lo que el siguiente paso fue la amenaza a mano armada.“Tú te vas a arrepentir de esto. A mí nadie me brinca y me sacó una pistola”, aseguró la víctima indirecta.  No suficiente con la perdida de su hijo, Issis Nínive y su familia se vieron obligados a abandonar su hogar y patrimonio, ya que el peligro es latente y hubo un nuevo intento de dañarlos, cuando dos jóvenes vestidos también de negro intentaron quemar su camioneta, el 19 de septiembre de 2023.  Sobre el paradero de Jorge Luis Villalón Torres, la víctima indirecta reveló que se tienen noticia de que trabaja en un gimnasio de Altozano y cuenta con una imagen del agresor, pero hasta ahora no ha sido detenido.Con información de Quadratin ","Title":"Madre de joven asesinado en Michoacán ofrece medio millón de pesos por el presunto homicida","PublishedDate":1723073315,"Keywords":["periodista","juan carlos huerta","periodistas michoacán","pihuamo","periodistas asesinar","jeffery dahmer histori"]}