{"Id":"485400","Author":"Redacción","Content":"El inmueble en el que Ismael ‘El Mayo’ Zambada habría sido secuestrado, para posteriormente ser llevado a Estados Unidos presuntamente a manos de Joaquín Guzmán López, fue asegurado este miércoles 21 de agosto por la Fiscalía General de la República (FGR).A través de un comunicado, las autoridades dijeron que el domicilio ubicado en Sinaloa ya se encuentra en poder de la Agencia de Investigación Criminal (AIC).En el sitio, según la FGR, se llevaron a cabo los probables delitos de privación ilegal de la libertad, homicidios y lesiones, haciendo referencia al asesinato del diputado electo, Héctor Melesio Cuén.Con ello, la FGR aclara que el crimen contra Cuén no sucedió en una gasolinera como la Fiscalía del Estado de Sinaloa reveló el pasado 12 de agosto.Respecto a dicha versión, la FGR apunta que “no es aceptable, ni cuenta con los elementos fidedignos de prueba que permitan tomarla en cuenta, en la forma en que fue planteada”.Los avances de la Fiscalía General de la República indican que se logró determinar la pista donde salió el avión que llevaba al ‘Mayo’ Zambada y a Joaquín Guzmán López a la frontera entre Texas y Nuevo Mexico, donde fueron detenidos por las autoridades.Los Chapitos rompieron el código de honor al traicionar al ‘Mayo’ Zambada También se encontraron los vehículos que habrían sido utilizados para el presunto “secuestro” del ‘Mayo’ Zambada, líder de una de las facciones del Cártel de Sinaloa.Toda la información será sometida a proceso por las autoridades judiciales, y una vez que termine el paro de labores en el Poder Judicial se analizarán, mientras las investigaciones de la Fiscalía continúan.FGR va por Joaquín Guzmán LópezLa Fiscalía informó que ya prepara una solicitud de orden de aprehensión contra Joaquín Guzmán López, hijo de Joaquín ‘El Chapo’ Guzmán e integrante de Los Chapitos, “por secuestro y también por la privación ilegal de la libertad de una persona en territorio nacional para entregarla a las autoridades de otro país, trasladándola fuera de México con tal propósito.”","Title":"FGR da la razón a ‘El Mayo’ Zambada: Héctor Cuén fue asesinado en domicilio en Sinaloa","PublishedDate":1724289781,"Keywords":["periodista","juan carlos huerta","periodistas michoacán","pihuamo","periodistas asesinar","jeffery dahmer histori"]}