{"Id":"485467","Author":"Redacción","Content":"Sian Chiong, el actor cubano, podría convertirse en el siguiente eliminado de La Casa de los Famosos, debido a que las personas están solicitando su expulsión del reality show, luego de que agredió físicamente a Biggitte Bozzo.La situación quedó registrada por las cámaras que transmiten todo lo que ocurre dentro del reality show y más tarde, los usuarios compartieron el fragmento en redes sociales, el cual se une a una serie de polémicas en La Casa de los Famosos México.¿Qué hizo Sian Chiong en ‘La Casa de los Famosos’? Así fue el momento de la agresión a BriggitteLa joven actriz de telenovelas se encontraba de pie frente a un sillón y estaba platicando tranquilamente con sus compañeros cuando el actor de Ellas soy yo, una serie biográfica de Gloria Trevi, apareció y se acercó a Briggitte.La integrante de la segunda temporada de La Casa de los Famosos estaba peinada con dos coletas, por lo que Sian tomó una de ellas y la jaló con fuerza para atraer a la joven a él, lo que no fue pasado por alto.En la grabación se puede escuchar que alguien le dice: “Ey”; además Karime Pindter, quien también estaba presente, inmediatamente reaccionó y le gritó a Sian: “No manches”, quien al escuchar a los famosos le dio un abrazo a la actriz.Eso es considerado como agresión,no?#LCDFMX2 #LCDFMX #LaCasaDeLosFamosoMx #LaCasaDeLosFamososMexico #TeamMar #BriggitteBozzo pic.twitter.com/qKTBLJ9JnX— aleykos (@aleja__kos) August 21, 2024\n\n\nBriggitte Bozzo no dijo nada al respecto y solo correspondió al abrazo de Sian Chiong; esta situación generó un gran descontento, por lo que los usuarios de redes sociales han pedido que el actor se convierta en el quinto eliminado de La Casa de los Famosos.¿AMLO censurará ‘La Casa de los Famosos México’ tras polémica? Esto dijo el presidente del reality showLuego de que este video salió a la luz otros más han cobrado relevancia, ya que hay quienes acusan al actor de La Mexicana y el Güero por supuestamente haber acosado a las concursantes de La Casa de los Famosos.En fragmentos de videos se puede ver a Sian realizando tocamientos indebidos hacia Briggitte Bozzo, Gala Montes y Sabine Moussier, ya que en diferentes ocasiones les da nalgadas, sin embargo, ellas no han hablado al respecto.¿Quiénes son los nominados en ‘La Casa de los Famosos México’ en la quinta semana?El polémico comportamiento de Sian Chiong llega a unos cuantos días de que se lleve a cabo la gala de eliminación, en la cual estará luchando por permanecer en el reality show.Pues el actor cubano fue uno de los participantes nominados en La Casa de los Famosos, tras las votaciones que se realizaron durante la noche de este miércoles, la cual se llevó a cabo con ayuda de cerditos, los que contenían mensajes que alteraban la cantidad de puntos que se les daba a los concursantes.Para salvar a los nominados en 'La Casa de los Famosos México' puedes emitir tu voto en línea. (Foto: Especial El Financiero) Los participantes nominados en esta ocasión fueron:Arath de la Torre con 6 puntos.Sian Chiong con 8 puntos.Gala Montes con 6 puntos.Sabine Moussier con 5 puntos.Mario Bezares con 3 puntos.Todos ellos aún tienen posibilidades de salvarse a través de los votos de los televidentes, y será hasta el próximo domingo 25 de agosto que se dará a conocer quién es el siguiente eliminado del reality show. Por ahora todos los expulsados de La Casa de los Famosos son:Paola Durante.Shanik Berman.Luis ‘Potro’ Caballero.Mariana Echeverría.¿Cómo y dónde votar en ‘La Casa de los Famosos México’ 2024?Para votar solo debes seguir tres sencillos pasos, con los cuales librarás a tus famosos favoritos de la eliminación:Entrar al sitio web oficial de La Casa de los Famosos México o escanea el código QR que aparece en las galas.Podrás votar en 'La Casa de los Famosos México' por tu habitante favorito en las galas del reality show. (Fotoarte: El Financiero) (Especial / Facebook @lacasafamososmx)Busca e ingresa a la sección “votaciones”, en donde verás los nombres y fotos de los nominados.Elige al famoso de tu preferencia y haz clic en “enviar voto”.","Title":"Sian Chiong agrede a Briggitte Bozzo en ‘La Casa de los Famosos’; piden su expulsión","PublishedDate":1724340965,"Keywords":[]}