{"Id":"486346","Author":"Karina Cancino / corresponsal","Content":"Nayarit, 31 de agosto.- Este sábado, se dio a conocer que un médico, identificado como Jesús “N”, presuntamente asesinó a su esposa, una conocida cirujana dentista, en su domicilio ubicado en el fraccionamiento Las Cumbres de Tepic, Nayarit.La Policía Estatal detuvo a Jesús “N” como presunto responsable del crimen mientras intentaba huir.De acuerdo con los primeros reportes, el incidente ocurrió tras una discusión en la recámara de la vivienda. La hija de la cirujana dentista, al escuchar el altercado, ingresó a la habitación y presenció el ataque de Jesús “N” hacia su madre.En un intento de detener la agresión, la joven hirió al hombre con un cuchillo en dos ocasiones, pero a pesar de las heridas, Jesús “N” logró empujarla contra una pared y escapar del lugar.El sospechoso huyó en un vehículo por el libramiento carretero hacia Guadalajara y luego se dirigió a la carretera federal 15.En el crucero de San Cayetano, intentó ingresar a un motel, pero fue interceptado por elementos de la Policía Estatal, quienes lograron cerrarle el paso y detenerlo.Feminicidio de Noriko Dallana: Fiscalía de Veracruz investiga ‘móvil pasional’ y busca a dos personasJesús “N” presentaba heridas en la zona costal y en la espalda, por lo que fue trasladado a la clínica del ISSSTE de La Cantera bajo custodia policial, donde recibió atención médica.Actualmente, se encuentra a disposición del Ministerio Público de Atención Temprana, que determinará su situación legal.Las autoridades acordonaron tanto la escena del crimen en la vivienda como el área donde fue detenido el sospechoso. En tanto, el cuerpo de la víctima fue trasladado por el Servicio Médico Forense para los procedimientos de ley.Personal de los Servicios Periciales de la Fiscalía General del Estado llevaron a cabo el levantamiento de pruebas para integrarlas a la carpeta de investigación correspondiente.La hija de la víctima se encuentra estable y presenta algunas contusiones. De acuerdo con las autoridades, Jesús “N” podría enfrentar una condena de hasta 50 años de prisión.","Title":"Feminicidio en Nayarit: Detienen a médico que atacó a su esposa e hija en Tepic","PublishedDate":1725159978,"Keywords":["feminicidios","monserrat juarez","feminicidio en mexico","monserrat","milagro","feminicidio edomex"]}