{"Id":"486341","Author":"EFE","Content":"Siete pasajeros murieron y decenas resultaron heridos, entre ellos 37 que fueron llevados a hospitales, cuando un autobús que se dirigía a México se volcó este sábado en una carretera de Mississippi debido a fallas en los neumáticos.Seis de las víctimas fueron declaradas muertas en el lugar, mientras que el séptimo murió en un hospital, según informó la Patrulla de Carreteras de Mississippi, de acuerdo con CNN.Indicó además que en el autobús fueron hallados “varios documentos de identificación mexicanos”.El accidente fue provocado por una falla en los neumáticos, indicó la Junta Nacional de Seguridad en el Transporte (NTSB, por sus siglas en inglés) en la red social X.NTSB media availability on Vicksburg, Mississippi, motorcoach crash: 7 pm (local) at Jackson–Medgar Wiley Evers International Airport, Jackson, MS, (mezzanine level). NTSB is conducting a safety investigation in coordination with Mississippi Highway Patrol. pic.twitter.com/AymM3lUryF— NTSB Newsroom (@NTSB_Newsroom) August 31, 2024\n\n\nEntre los fallecidos está un niño de seis años y su hermana de 16, según el forense del condado de Warren, Doug Huskey. Los menores fueron identificados por su madre. Las autoridades ya trabajan para identificar a las demás víctimas, señaló.El Consejo de Seguridad del Transporte en coordinación con la Patrulla de Carreteras ha enviado un equipo para realizar una investigación de seguridad sobre el accidente del autobús Volvo 2018 que viaja entre Estados Unidos y México y que pertenece a la compañía Autobuses Regiomontanos, según dijo a CNN su portavoz Miranda Fernández.¿Ovidio Guzmán ya ‘libró la cárcel’ en EU? Estos son los beneficios de ser testigo protegidoLa empresa tiene varias sedes en Estados Unidos y aunque se desconoce desde dónde inició el viaje, sí se sabe que se dirigía a México, según Fernández.“Todos los pasajeros pasan por los controles migratorios correspondientes y deben presentar sus pasaportes o visas para ingresar a México o Estados Unidos”, indicó la portavoz a la cadena.El conductor de la grúa, Keith Allison, indicó que el autobús terminó en una zanja y muchos pasajeros fueron expulsados.¿Qué dicen las autoridades de México del accidente en Mississippi?El consulado de México en Nuevo Orleans indicó que está en contacto con autoridades de Mississippi para obtener más datos sobre el accidente carretero.“Si tienes información o requieres asistencia derivada de este u otro accidente, por favor contáctanos al (504)4911577 o al #CIAM (520)6237874″, exhortó.Hasta el momento se desconoce si hay connacionales entre las víctimas.⚠️🚨 Accidente en Mississippi: Un autobús en la I-20 se salió de la carretera, dejando al menos 7 fallecidos, incluido un niño de 6 años.  👉🏻Si tienes información o requieres asistencia derivada de este u otro accidente, por favor contáctanos al (504)4911577#ConsuladoDeMéxico— Consulmex NewOrleans (@ConsulmexNUO) August 31, 2024\n\n\nCon información de AP","Title":"Vuelca en Mississippi un autobús que se dirigía a México; hay 7 muertos","PublishedDate":1725153237,"Keywords":[]}