{"Id":"486472","Author":"Europa Press","Content":"La Autoridad Palestina ha elevado este lunes a cerca de 30 los palestinos muertos a causa de la operación a gran escala lanzada hace cinco días por el Ejército de Israel en el norte de Cisjordania, la de mayor magnitud desde hace más de dos décadas, cuando concluyó la Segunda Intifada.El Ministerio de Sanidad vinculado a la Autoridad Palestina ha especificado este mismo lunes que las operaciones de las fuerzas israelíes dejan hasta el momento 29 muertos y 121 palestinos heridos, al tiempo que ha recalcado que más de 680 palestinos han muerto y unos 5 mil 700 han resultado heridos en Cisjordania y Jerusalén Este desde el 7 de octubre, cuando estalló la guerra de Israel en la Franja de Gaza.As, ha reseñado en un comunicado publicado en su cuenta en Telegram que los ataques israelíes dejan hasta la fecha 18 mártires en la gobernación de Yenín (Jenin), a los que se suman cuatro en Tubas y Tulkarem, respectivamente, y tres en Hebrón. “Entre los mártires hay cinco niños y dos ancianos”, informó la autoridad.(Archivo, marzo de 2024) Palestinos revisan los escombros tras una incursión israelí en el campo de refugiados de Nur Shams, cerca de la ciudad cisjordana de Tulkarem. (EFE)Israel argumentó la semana pasada que había lanzado la operación para hacer frente a “terroristas” presentes en el norte de Cisjordania, lo que llevó al presidente de la Autoridad Palestina, Mahmud Abbas, a acortar su visita oficial a Arabia Saudí para regresar a Cisjordania y analizar la situación.Por su parte, Nabil abú Rudeina, portavoz de Abbas, alertó de los “peligrosos resultados” de “la escalada de la guerra israelí en Cisjordania, que se suma al genocidio en la Franja de Gaza”, mientras que el Movimiento de Resistencia Islámica (Hamás) habló de “un intento práctico” de “expandir la brutal guerra de exterminio en Gaza para incluir ciudades, localidades y campamentos de refugiados en la Cisjordania ocupada”.Las operaciones han aumentado desde el pasado 7 de octubre, cuando Hamás y otras facciones palestinas lanzaron una serie de ataques contra tierras ocupadas por Israel que dejaron cerca de 1.200 muertos y unos 250 rehenes. Gran parte de los cautivos fueron liberados en una tregua en noviembre de 2023. Las autoridades palestinas en la Franja de Gaza han contabilizado desde entonces cerca de 40 mil 800 asesinatos de personas palestinas por los ataques israelíes.Israel recupera 6 cuerpos de rehenes en Gaza: ¿Cuántos israelíes cautivos siguen vivos?La Oficina de Derechos Humanos de Naciones Unidas criticó la semana pasada lo que describe como una “creciente respuesta militar” por parte de Israel en la Cisjordania ocupada y recalcó que estas operaciones “violan el Derecho Internacional y suponen “un riesgo de empeorar una situación ya explosiva”.En este sentido, remarcó que “la violencia entre las fuerzas militares de Israel y palestinos armados en Cisjordania no constituye un conflicto armado según el Derecho Humanitario, por lo que el uso de la fuerza en Cisjordania debe ceñirse a las normas de Derechos Humanos y los estándares aplicables a las operaciones de seguridad”, al tiempo que “el uso de bombardeos y otras armas y tácticas militares por parte de las fuerzas de seguridad de Israel viola estos estándares y deriva en ejecuciones extrajudiciales y otros asesinatos”.","Title":"Israel invade Cisjordania: Más de 680 palestinos han sido asesinados por fuerzas israelíes desde 2023","PublishedDate":1725315258,"Keywords":["periodista","juan carlos huerta","periodistas michoacán","pihuamo","periodistas asesinar","jeffery dahmer histori"]}