{"Id":"486558","Author":"EFE","Content":"El estudiante de la Universidad Anáhuac Oaxaca, Diego Ignacio Paz, quien presuntamente fue asesinado por policías municipales de Santa Lucía del Camino, estado de Oaxaca, tras pasar por un punto de revisión contra el consumo de alcohol (alcoholímetro), fue sepultado este lunes.Al tiempo que la Fiscalía General del Estado de Oaxaca (FGEO) indicó que investiga un posible abuso policial. El estudiante, de 22 años, presuntamente fue asesinado tras un incidente con dos agentes de la policía la madrugada del sábado 31 de agosto, mientas que una acompañante resultó lesionada por un disparo de arma de fuego, además de un policía lesionado por atropellamiento. La tarde de este lunes, Paz, estudiante de la carrera de Comunicación de la citada universidad, fue sepultado entre aplausos y reclamos de justicia de familiares y amigos, quienes despidieron a ‘Chinis’, como era llamado cariñosamente. ‘¡Justicia, justicia, justicia!’, clamaron los estudiantes mientras el ataúd blanco de Diego salió de la funeraria rumbo al panteón Jardín, de la capital de Oaxaca.FAMILIARES Y AMIGO DE DIEGO PAZ ANUNCIAN MARCHA PARA ESTE LUNESCon el objetivo de pedir justicia por la muerte del joven Diego Paz estudiante de la Universidad @AnahuacOaxaca, familiares y amigos convocan a universitarios a una marcha este lunes 02 de Sept de 2024.@UABJO pic.twitter.com/rmCClGIwcq— 𝗥𝗘𝗗 𝗜𝗻𝗳𝗼𝗿𝗺𝗮𝘁𝗶𝘃𝗮 𝗢𝗮𝘅𝗮𝗰𝗮 (@rioax74) September 2, 2024\n\n\nUn amigo de Diego fue la voz de los jóvenes agraviados por este homicidio, quien tocando el féretro y con la mirada dirigida hacia su amigo exclamó: “¡Nos tocó en lo más profundo de nuestros corazones, nos duele mucho tu partida y sí, ‘Chinis’ vives en cada uno de nosotros y siempre vas a ser nuestro hermano!”.Directores de seguridad de Edomex tendrían nexos con el CJNG y La Familia Michoacana ¿Qué dijo la Fiscalía de Oaxaca sobre la muerte de Diego Paz?De acuerdo con la Fiscalía de Oaxaca, Diego y un acompañante, circulaban a bordo de un automóvil marca Audi por un operativo de alcoholímetro la madrugada del 31 de agosto en inmediaciones de Santa Lucía del Camino, y al tratar de evadirlo, habría atropellado a un agente de vialidad de dicho municipio.Según la información derivada de las indagatorias, los jóvenes fueron alcanzados y en la persecución los policías dispararon hiriendo a Diego en el abdomen para después golpearlo.De acuerdo con la tía de Diego, Clarisa Luna, esta versión fue confirmada por el joven antes de morir en el hospital donde fue trasladado.“Por palabras de mi cuñada cuando entró a ver a Diego antes de que lo intervinieran quirúrgicamente lo único que pudo decirle es que habían sido los policías, que esas fueron las últimas palabras de mi sobrino, que habían sido los policías”, dijo la mujer.Por la forma en que el joven estudiante perdió la vida, la familia reclama una investigación parcial.“Me duele decir que Diego era nuestro niño, tenía 22 años ¿quién le va a disparar a un muchacho de 22 años?, ¿qué es lo que querían ellos? Lo que alegan es que fue su justicia, pero ¿qué tipo de justicia es?”, apuntó.Respecto a los hechos el presidente municipal de Santa Lucía del Camino, removió a su director de la Policía Marcos Fredy Hernández y cinco oficiales más.Mientras que el gobernador de Oaxaca, Salomón Jara, calificó en una conferencia de prensa el actuar de los policías como “desprorcionado e irracional” y señaló que la policía municipal de Santa Lucía es una de las peores evaluadas por abusos y denuncias presentados en el Tribunal Superior de Justicia de Oaxaca.Dijo también que en dichos puntos de revisión contra el consumo de alcohol se ha detectado una red de extorsión por lo que hasta que no sean regulados serán desactivados en los municipios conurbados a la capital Oaxaca.En tanto, la Defensoría de los Derechos Humanos del Pueblo de Oaxaca informó que inició un expediente de investigación y manifestó su preocupación por lo sucedido, al tratarse de un presunto caso de abuso policial”. Santa Lucía del Camino es un municipio que sobresale por su inseguridad, conocido por la proliferación de antros (centros nocturnos), delincuencia común y organizada.","Title":"Muerte de Diego Paz: ¿Qué sabemos del joven asesinado presuntamente por policías de Oaxaca?","PublishedDate":1725396680,"Keywords":["periodista","juan carlos huerta","periodistas michoacán","pihuamo","periodistas asesinar","jeffery dahmer histori"]}