{"Id":"487250","Author":"Redacción","Content":"Gerardo Fernández Noroña, presidente de la Cámara de Senadores, informó en la sesión de discusión de la reforma al Poder Judicial, que el legislador de Movimiento Ciudadano, Luis Donaldo Colosio Riojas, fue agredido.‘’Le lanzaron gasolina a los ojos frente al recinto Reforma. Ante estos hechos lamentables, esta presidencia condena este tipo de eventos y le pide a las autoridades competentes que resguarden el recinto y garanticen adecuadamente de las y los senadores que asisten al mismo’', sentenció Noroña.Agregó que las y los legisladores deben estar en buenas condiciones para realizar sus funciones. Sobre la situación de Colosio Riojas, el senador priista Néstor Camarillo lamentó la agresión.Minutos después, Colosio Riojas tomó la palabra en la sesión ordinaria y denunció dos hechos: ‘’Fui agredido. Gracias a Dios estoy bien. Dios bendiga a la persona que me agredió. Dios me dio dos ojos y uno de ellos está bien’', explicó el senador de MC.Dijo que es una llamada de atención para todos los senadores, ya que se derivó de la falta de diálogo congruente y abierto en la Cámara de Senadores.‘’Se han dado los atropellos ciudadanos que hemos visto y presenciado el día de hoy. No solamente en la Cámara de Senadores, donde tuvimos que anticipar la sesión. Muchos de ustedes también lo vivieron al intentar ingresar a este recinto’' agregó el senador de MC.Morena intenta ‘doblar’ a la oposición en la reforma judicial: ¿Por qué investigan a los Yunes?        View this post on Instagram            A post shared by Luis Donaldo (@colosioriojas)\n¿ Luis Donaldo Colosio Riojas votará a favor o en contra de la Reforma Judicial? El segundo fue cuando dijo que los senadores Daniel Barreda y su padre, junto con el diputado Julio Arce, están siendo retenidos en la sala de juicios orales de Campeche.‘’Tenemos ya evidencia para demostrar la situación, por lo tanto, seguimos insistiéndole a esta Cámara que no estamos en condiciones de celebrar esta sesión, toda vez que uno de nuestros compañeros está ilegalmente retenido y no puede estar libremente aquí, como constitucionalmente es su derecho’', expresó Colosio Riojas.En su intervención, confirmó, una vez más, que votará en contra de la reforma al Poder Judicial. Esto, luego de que el jueves 5 de septiembre, junto con las y los senadores de MC, Amalia García, Alejandra Barrales y Clemente Castañeda, anunciara que no iba con la propuesta del presidente Andrés Manuel López Obrador.","Title":"‘Fui agredido; Dios bendiga a quien lo hizo’: Luis Donaldo Colosio Riojas tras ser atacado con gasolina","PublishedDate":1726020788,"Keywords":[]}