{"Id":"487653","Author":"Redacción","Content":"¿Quién no recuerda la serie de televisión Alf? Quien la haya visto seguramente vio a Brian Tanner convivir con el pequeño extraterrestre café, ese niño fue interpretado por Benji Gregory, actor estadounidense quien murió el pasado 13 de junio a los 46 años. El famoso fue hallado sin vida junto a su perro quien lo asistía (el animal también murió) y en primera instancia se consideró que el integrante del elenco del programa de entretenimiento falleció a consecuencia de un golpe de calor, pero ahora se esclareció el hecho. Benji Gregory presentaba una enfermedad, la cual finalmente termino por ocasionar su deceso, pero, ¿qué fue lo que le pasó? Benji Gregory interpretó a Brian Tanner en 'Alf'. (Foto: Imdb) ¿Qué le pasó a Benji Gregory? De acuerdo con un reporte médico recuperado por el portal Entertainment News (E!) realizado por la oficina del Médico Forense del Condado de Maricopa, determinó que las causas de la muerte del famoso son accidentales porque tenía una cirrosis hepática. “Benji falleció el 10 de junio a la edad de 46 años después de sufrir “exposición al calor ambiental en el contexto de una cirrosis hepática”, se lee en el texto, según lo redactado por el informe y publicado en el medio citado anteriormente.Anteriormente, se consideró un suicidio o un accidente a causa de los problemas de sueño del actor estadounidense. “Creemos que fue allí la tarde del 12 para depositar algunos cheques y nunca salió del coche para hacerlo. Se quedó dormido y murió de un golpe de calor dentro del vehículo”, compartió su hermana para TMZ el 10 de julio. ‘Que la fuerza te acompañe’: Muere James Earl Jones, legendaria voz de Darth Vader y Mufasa, a los 93 años'Alf' es una popular serie de la década de los 80. (Foto: IMDB) En la misma charla con este medio de comunicación, ella reveló los padecimientos médicos y emocionales de Gregory y eran los siguientes: DepresiónBipolaridad Trastornos del sueño (principalmente relacionados con la dificultad para dormir). Él decidió retirarse de la actuación después de una corta trayectoria artística y estuvo en diferentes empleos, incluso se enlistó en el ejército. Benji Gregory murió al lado de su perro. (Foto: Instagram @benji_gregory/IMDB) ¿En qué películas y series participó Benji Gregory?La carrera de actor de Gregory duró poco tiempo (alrededor de 10 años) e IMDB tiene registro de la participación de Benji en las siguientes películas y series.El equipo A (1984).T. J. Hooker (1984).Punky Brewster (1985).Cuentos asombrosos (1985).Más allá de los límites de la realidad (1985).La última aventura de Thompson (1986).Jumpin Jack Flash (1986).Alf (1986).Alf Loves Mystery (1987).Pound Pupies (1987).El fantástico Max (1988).Regreso al futuro (1992).El bosque de colores (1993).","Title":"¿De qué murió Benji Gregory, actor de ‘Alf’? Estas son las causas de su fallecimiento","PublishedDate":1726355875,"Keywords":[]}