{"Id":"487988","Author":"Redacción","Content":"Julio Urías sigue a la espera de una decisión de las Grandes Ligas de Béisbol después de una sanción en su contra, tras ser acusado de violencia doméstica por su pareja.El exlanzador de los Dodgers fue arrestado bajo la sospecha de delito grave de violencia doméstica en septiembre del 2023 a las afueras del estadio BMO.Tras ser arrestado, Urías fue declarado culpable de un delito menor de violencia doméstica. A un año del accidente, el periódico estadounidense, LA Times, compartió el video que fue proporcionado por la Patrulla de Carreteras de California, luego de que la agencia investigo el accidente.El pitcher mexicano Julio Urías sigue suspendido con la MLB. (Foto: Flickr.com/apardavila)  (Nación321/Flickr.com/apardavila)¿Qué pasó con Julio Urías y su pareja?En el video se muestra a Julio Urías corriendo detrás de su esposa, cuando la empuja contra una cerca y la tira del cabello o los hombros.Ambos fueron separados, pero se puede ver al mexicano dar un golpe con su mano izquierda, segundos después es llevado por la seguridad de afuera del estadio de LAFC.El video fue grabado por un testigo anónimo, mismo que no había sido visto por el público. Dura 72 segundos y los rostros de la mayoría de las personas que aparecen en el video se encuentran difuminados para cumplir los derechos de privacidad de California, según el informe de CHP.De acuerdo con el mismo informe, menciona que Urías y su esposa fueron las únicas dos partes involucradas.¿Julio Urías será suspendido de la MLB?Por el momento, la Major League Baseball (MLB) no ha dicho si suspenderá a Urías, ni por cuanto tiempo, pero se podría convertir en el primer jugador suspendido dos veces bajo la política de la liga sobre violencia doméstica y agresión sexual.“MLB continúa reuniendo toda la evidencia relevante en nuestra investigación”, compartió un portavoz de la liga el miércoles. La Asociación de Jugadores de Béisbol de las Grandes Ligas declinó hacer comentarios este miércoles, al igual que el agente Urías, Scott Boras.Julio Urías no podrá jugar con Los Ángeles Dodgers por tiempo indefinido. (Foto: EFE) Actualmente, el jugador se encuentra en licencia administrativa, desde el último mes de la temporada 2023 y  se convirtió en agente libre.Según la política de violencia doméstica de la MLB se autoriza al comisionado suspender a un jugador en caso de violar la política.Urías, de 28 años, registró el último out del campeonato de la Serie Mundial de los Dodgers en 2020. Lideró la Liga Nacional en victorias (20) en 2021 y promedio de carreras limpias (2.16) en 2022.","Title":"Policía de California difunde video del pitcher mexicano, Julio Urías, donde agrede a su pareja","PublishedDate":1726719690,"Keywords":[]}