{"Id":"487972","Author":"Redacción","Content":"La foto perfecta no existe… o sí pero a un costo muy alto. El fisicoculturista Liu Can murió a los 27 años, según confirmó su familia.“Era un niño muy alegre, simpático y bondadoso. Todos le queríamos mucho. Su partida nos llena de tristeza. Realizaremos un funeral de despedida. Gracias a todos los amigos que lo han cuidado y apoyado a lo largo del camino. Que descanse en paz en el cielo, le extrañaremos por siempre”, su familia quien anunció la muerte del influencer al medio inglés The Sun.¿De qué murió el fisicoculturista Liu Can?Liu Can tenía más de 100 mil seguidores en su cuenta de Tik Tok y un millón de visualizaciones. Familiares del influencer dedicado al ejercicio señalaron que murió ahogado mientras grababa en un paisaje natural donde el acceso era restringido para los visitantes en el distrito de Nanchan (Chongquing), en China.Liu Can Liu Can falleció a los 27 años, mientras grababa contenido para sus redes sociales (Foto: Instagram liucan522) ¿Quién era Liu Can?Lui Can era un empresario, quien también tenía dos gimnasios y participaba como cosplayer en exposiciones de anime, festivales de música y parques de atracciones. Algunos amigos de Liu también corroboraron la noticia y le compartieron un mensaje de despedida.“A mi aprendiz, espero que tenga un buen viaje hasta el final. Liu Can es el más guapo, trabajador y motivador. No puedo aceptarlo, lloré todas mis lágrimas”, señaló Wang Quianping, un atleta de culturismo.En tanto, otro amigo de Liu, Zhang, compartió a otro periódico chino que Liu solía ser muy delgado y siempre buscaba fortalecer su físico a través del ejercicio. Explicó que sabía nadar, por lo que considera que el accidente ocurrió mientras filmaba.Ana Guevara habla del reclamo de Osmar Olvera por falta de becas: ‘Él no escribió ese mensaje’Muerte de fisicoculturistasVarios fisiculturistas han fallecido a lo largo del 2023 y 2024, aunque las causas son diferentes entre sí, son un grupo de personas que se han arriesgado para crear contenido para sus perfiles de redes sociales.En el 2023 se dio la muerte de Jo Lindner, Gustavo Badell, Justin Vicky, Larissa Borges, Daniel Ráyela, entre otros.Algunos de los motivos por los que se han dado la muerte de los atletas son aneurisma, se trata de una enfermedad que ensancha de formar anormal una parte de alguna arteria que se encuentra debilidad. Mientras que otros, como Gustavo Badell, han muerto por un derrame cerebral.","Title":"Muere Liu Can a los 27 años: ¿Qué le pasó al fisicoculturista chino?","PublishedDate":1726707228,"Keywords":["encuesta claudia vs xochitl","voto 2024 encuestar","noticia de presupuesto","salarios nominal","pago días festivos","galvez encuestar"]}