{"Id":"488154","Author":"EFE","Content":"El Comité de la ONU sobre los Derechos de los Niños dijo este jueves que no pudo identificar ninguna medida de Israel para proteger a las niñas y los niños palestinos en el contexto de la guerra en Gaza, donde consideró que se están perpetrando violaciones masivas contra los derechos de las infancias.“No hemos visto antes violaciones tan masivas como las que se producen en Gaza hoy (...) entre ellas el asesinato y mutilación de niños, ataques contra hospitales y colegios y la denegación de ayuda humanitaria”, dijo Bragi Gudbrandsson, vicepresidente del Comité, que en su última sesión analizó la situación sobre los derechos de los niños en un grupo de países, entre ellos Israel.Para esta evaluación, el Comité dialogó durante seis horas con una delegación oficial enviada por Israel, que se centró en exponer lo que se está haciendo para proteger a los niños israelíes de las consecuencias de la guerra en Gaza, así como el apoyo que se está dando a las familias de los rehenes que fueron capturados por Hamás el pasado 7 de octubre.Niños palestinos pasan junto a edificios destruidos mientras se dirigen a clases en el campamento de Khan Younis, en el sur de la Franja de Gaza, el 12 de septiembre de 2024. (EFE)Los enviados de Israel negaron que los civiles sean blancos de los ataques militares. Sin embargo, más de 41 mil personas palestinas han sido asesinadas en Gaza por bombardeos e incursión del Ejército israelí.En la presentación a la prensa de las conclusiones sobre Israel, Gudbrandsson recordó que las acciones militares de Israel han tenido hasta ahora “consecuencias catastróficas” en la población infantil de Gaza y su derecho a la vida y al desarrollo.Precisó que 17 mil niños y niñas palestinas han muerto y más de 6 mil han sido heridos desde que empezó este conflicto, más que las muertes de hombres o mujeres.Israel invade Cisjordania: Más de 680 palestinos han sido asesinados por fuerzas israelíes desde 2023🔴El Comité de los Derechos del Niño dice que #Israel ha matado en #Gaza a más niños que hombres o mujeres.Las violaciones \"masivas\" prácticamente no tienen precedentes en la historia.https://t.co/FvNi7zHtzH pic.twitter.com/gIhRkEo1C5— Noticias ONU (@NoticiasONU) September 19, 2024\n\n\nLos asesinatos de Israel contra niños palestinos no son nuevosEl informe, además, señala que antes de este episodio bélico, en el periodo entre 2016 y 2023, la ONU verificó 28 mil violaciones graves contra las infancias palestinas por parte del Ejército israelí, que tuvieron como resultado la muerte o mutilación de 10 mil de ellos.Israel ha asesinado más de 17 mil niñas y niños palestinos. (Nación321/AP)La presidenta del Comité explicó que Israel negó tener obligaciones desde el punto de vista de la Convención Internacional de los Derechos del Niño en los territorios palestinos que ocupa, a pesar del control efectivo que ejerce en los mismos.“Israel mantiene que la aplicación de la Convención se circunscribe a sus límites territoriales, una posición que el Comité no comparte”, recalcó.En una conferencia de prensa y a la pregunta de si Israel había mostrado alguna acción concreta para proteger a los niños en Gaza de las hostilidades, Gudbrandsson dijo que no se recibió ninguna información que demostrara que el Ejército se preocupa por preservar la vida de los menores o de los civiles en general.Un millón de niños han sido desplazados en Gaza en los últimos once meses, 21 mil menores de edad están desaparecidos y 20 mil han perdido a uno o a sus dos padres, mientras que otros 17 mil están solos o separados de sus familias.","Title":"Israel ha asesinado a más niñas y niños palestinos que a adultos en la guerra en Gaza: ONU","PublishedDate":1726843523,"Keywords":["periodista","juan carlos huerta","periodistas michoacán","pihuamo","periodistas asesinar","jeffery dahmer histori"]}