{"Id":"488288","Author":"Ricardo Guadarrama / Corresponsal","Content":"Víctor Hernández Flores ‘Chester’, integrante del cártel de La Familia Michoacana, fue sentenciado a 170 años de prisión y tiene que pagar de multa casi 7 millones y medio de pesos, luego de que el 4 de noviembre de 2021, él y otros integrantes del crimen organizado emboscaran y asesinaran a 13 policías.‘Chester’ y otros hombres del grupo criminal emboscaron sobre la carretera Texcaltitlán-Coatepec Harinas, en la comunidad de Ojo de Agua, en Coatepec, a un convoy de miembros de seguridad, de los cuales, los policías de investigación, Pedro Martínez Quesada y Germán Urbina Velázquez, fueron asesinados, y siete uniformados estatales resultaron heridos de bala.El Ministerio Público presentó ante un Juez mexiquense los elementos necesarios para imputarle al hombre, sentenciado por el delito de homicidio calificado cometido en agravio de los servidores público en cita y a un civil, a lo que se sumó el delito de homicidio en grado de tentativa cometido en agravio de 13 uniformados de esta entidad federativa. Hace casi tres años, los 13 uniformados, entre personal de la Fiscalía General de Justicia del Estado de México y de la Secretaría de Seguridad del Estado de México, realizaban tareas de patrullaje en la región de Texcaltitlán para combatir el crimen organizado, donde fueron emboscados desde la zona boscosa por criminales de La Familia Michoacana, quienes viajaban y esperaban a los representantes de la Ley en una camioneta todo terreno.En un video que fue difundido tiempo después, se observó cómo los integrantes de “La Familia michoacana” se agazaparon entre el arbolado de la zona sur mexiquense y desde el monte comenzaron a disparar hacia el convoy del que iba al frente en aquél entonces el Fiscal regional de Ixtapan de la Sal, quien resultó gravemente herido y en menor grado siete efectivos de la policía estatal al repeler la agresión a balazos de los criminales.En 2022, ‘Chester’ fue capturado en la zona sur del Estado de México y las investigaciones lo vincularon con la emboscada, por lo que fue llevado a juicio hasta que este fin de semana un Juez estatal le dictó la sentencia de 170 años y le impuso una multa de siete millones 476 mil pesos.Finalmente, el hombre de la Familia Michoacana ya permanece en la cárcel de mediana seguridad de Tenango del Valle.","Title":"Dan 170 años de cárcel a Víctor Hernández ‘Chester’ por emboscar y asesinar a 13 policías en Edomex","PublishedDate":1727046604,"Keywords":["periodista","juan carlos huerta","periodistas michoacán","pihuamo","periodistas asesinar","jeffery dahmer histori"]}