{"Id":"488287","Author":"Luciano Vázquez  Corresponsal","Content":"La Fiscalía de Guanajuato informó que detuvo a Daniel ‘N’, identificado como un objetivo criminal responsable del asesinato de dos futuros funcionarios morenistas del Pueblo Mágico de Comonfort.De acuerdo con el reporte de las autoridades, el detenido este domingo 22 de septiembre participó en el intento de asesinato del hijo del alcalde electo del municipio de Comonfort, el morenista Gilberto Zárate Nieves.El hijo del alcalde electo y su chofer Carlos Augusto viajaban en un automóvil cuando fueron atacados a balazos en la localidad de Empalme Escobedo, el 2 de septiembre pasado. El hijo del alcalde resultó lesionado, pero su chofer murió víctima del ataque.Dos días después, el 4 de septiembre, el detenido participó en el asesinato de Isaac Ortega, quien sería el secretario del Ayuntamiento en el gabinete del alcalde electo.En estos hechos, registrados en la carretera a la comunidad la Presita, resultaron lesionados con disparos de arma de fuego una mujer y un hombre.VIDEO: Sujetos lanzan explosivo en restaurante en Celaya, Guanajuato Y una semana después, el 11 de septiembre, el detenido participó en el asesinato de Tomás Mata, quien sería director de Turismo en el próximo gobierno de Comonfort.El morenista fue asesinado dentro de su negocio ubicado en la localidad de Empalme Escobedo.Estos hechos violentos registrados de manera consecutiva obligaron a las autoridades municipales de Comonfort a cancelar las recientes fiestas patrias en el Pueblo Mágico de Comonfort.Incluso, el presidente municipal Claudio Santoyo se vio obligado a rendir su Tercer Informe de Gobierno en un lugar secreto y a puerta cerrada.A través de un comunicado, la Fiscalía General de Guanajuato informó que está plenamente confirmada la participación del detenido en esta serie de homicidios.La Fiscalía dijo que con la captura de Daniel ‘N’ se esclarecen los homicidios y los hechos violentos registrados en fechas recientes en el municipio de Comonfort.La dependencia indicó que el detenido ya fue vinculado a proceso penal.“Un Agente del Ministerio Público integró los elementos de prueba técnicos y científicos aportados por la Agencia de Investigación Criminal y con sustento jurídico logró que un Juez vinculara a proceso penal a Daniel ‘N’ por homicidio calificado. Las investigaciones se encuentran en proceso, conforme sea factible se darán a conocer más datos”, aseguró la Fiscalía de Guanajuato.","Title":"Detienen a Daniel ‘N’, presunto asesino de dos morenistas en Comonfort, Guanajuato","PublishedDate":1727044537,"Keywords":["periodista","juan carlos huerta","periodistas michoacán","pihuamo","periodistas asesinar","jeffery dahmer histori"]}