{"Id":"488232","Author":"Redacción","Content":"La ‘Fiesta pagana’ se queda sin uno de sus protagonistas: Fernando Ponce de León, quien fue flautista de Mägo de Oz y dio vida a icónicas canciones como ‘Hasta que el cuerpo aguante’, ‘La rosa de los vientos’ o ‘La danza del fuego’, murió a los 59 años.A través de las redes sociales de la agrupación se dio a conocer el deceso de Ponce de León, quien trabajó en algunos de los icónicos álbumes de Mägo de Oz.“Compañero de viaje en mil batallas, se va un amigo, un compañero y un grandísimo músico. A los músicos no nos gusta el silencio, nos gustan los aplausos, así que no vamos a pedir un minuto de silencio por nuestro querido Fernando, vamos a pedir un minuto de aplausos en su honor”, escribieron.José Andrëa, vocalista de la agrupación española, también dedicó unas palabras en su cuenta de Instagram al que consideró “una de las mejores personas que me he encontrado en esta vida”.“Su legado musical perdurará siempre, así como él en mi memoria allá donde esté. Espero encontrarte tal y como te recuerdo (…) sacando esas bellas melodías que me enamoraban, y me uniré a ti con mi voz. Mientras tanto descansa en paz, mi amado Fernando”, compartió.  Publicación de José Andrëa en Instagram. (Foto: Captura de Instagram) ¿De qué murió Fernando Ponce de León, flautista de Mägo de Oz?Los primeros reportes indican que Fernando Ponce de León se encontraba internado en el Hospital Jiménez Díaz de Madrid, España, donde radicaba, tras ser internado de emergencia.Peri, uno de sus amigos y excompañero en la agrupación española de folk-metal, habría explicado a medios locales que la causa de muerte fue una falla multiorgánica, tal como cita ABC.Pese a que llegó al área de urgencias, los médicos no pudieron hacer nada para estabilizarlo, por lo que falleció el 19 de septiembre. La noticia se dio a conocer en las primeras horas del viernes 20.  Fernando Ponce de León habría muerto por un fallo multiorgánico, según reportes de medios locales. (Foto: Facebook @runallenaoficial / Carmen Molina) Muere flautista de Mägo de Oz: ¿Quién fue Fernando Ponce de León?Fernando Ponce de León fue un músico originario de España. Su instrumento principal era la flauta, aunque también tocó la gaita o el whistle; todos caracterizados por ser de viento. Desde su juventud se vio atraído por la música.La primera vez que tocó con Mägo de Oz fue como músico de sesión en la grabación de La leyenda de La Mancha (1998), disco que incluye éxitos como ‘Molinos de viento’, una de las canciones más recordadas de la banda.En 1999 se unió formalmente a Mägo de Oz y participó en la discografía más icónica del grupo, con canciones que se mantienen en la memoria colectiva de todos aquellos que eran fans de la agrupación de folk-metal. Entre los discos con el sello de Fernando Ponce de León están:Finisterra (2000)Gaia (2003)Belfast (2004)Gaia II: La Voz Dormida (2005)La Ciudad de los Árboles (2007)Gaia III: Atlantia (2010).  Fernando Ponce de León participó en la discogrfía más icónica de Mägo de Oz. (Foto: Instagram @magodeozoficial / The Metal Circus) Precisamente fue 2010 el año en que dejó la agrupación para dedicarle más tiempo a su familia, pues en medio del éxito de Mägo de Oz, las giras eran muy demandantes para él. Se despidió de sus fans el 26 de junio de ese año, durante su presentación en el Festival Rock de Cervantes.Sin embargo, Mägo de Oz no fue la única banda que lo cobijó durante su trayectoria musical. Además, grabó con José Andrëa y Uróboros el disco Bienvenidos al Medievo (2019).Colaboró con el sonido característico de su flauta en alrededor de 20 bandas, como Barón Rojo, Los Suaves y Ñu.","Title":"¿Qué le pasó a Fernando Ponce de León? Muere exflautista de Mägo De Oz a los 59 años","PublishedDate":1726944110,"Keywords":["encuesta claudia vs xochitl","voto 2024 encuestar","noticia de presupuesto","salarios nominal","pago días festivos","galvez encuestar"]}