{"Id":"488273","Author":"AP","Content":"Un tiroteo masivo dejó cuatro muertos y 18 heridos en una zona de vida nocturna en Birmingham, Alabama, y muchas de las víctimas simplemente se vieron atrapadas en fuego cruzado, informó la policía el domingo. Nadie ha sido arrestado y la policía pidió al público que entregue cualquier información que tenga.El hecho ocurrió poco después de las 23:00 horas del sábado 21 de septiembre en el sector Five Points South de la ciudad, indicó en un email el oficial Truman Fitzgerald.Cuando llegaron al lugar del suceso, los agentes encontraron a dos hombres y una mujer en la acera con varias heridas de bala. Otra persona baleada fue declarada muerta en el hospital, dijo Fitzgerald.La investigación preliminar halló que “múltiples sospechosos dispararon contra un grupo grande de personas que estaban afuera en una zona pública”, declaró Fitzgerald.“Los detectives creen que el tiroteo no fue aleatorio y derivaba de un incidente aislado en el que varias víctimas se vieron atrapadas en el fuego cruzado”, indicó Fitzgerald.Varias personas heridas empezaron a aparecer en hospitales, dijo Fitzgerald. Para el domingo en la mañana, la policía había identificado a 18 víctimas con heridas, algunas de las cuales amenazaban sus vidas.Tiroteo en escuela de Georgia deja 4 muertos: Atacante tiene 14 años y será juzgado como adultoLas autoridades creen que la persona a la que el atacante buscaba dispararle está entre los fallecidos, dijo el jefe policial Scott Thurmond el domingo en conferencia de prensa.“Los sospechosos vinieron en un vehículo, se bajaron del vehículo, dispararon, volvieron a entrar en el vehículo y se fueron”, indicó Thurmond.Nadie ha sido arrestado, y la policía aún no ha determinado quién era el objetivo de los disparos, manifestó Fitzgerald. La policía le pidió al público que entregue cualquier información que tenga.Lanzan operativo de búsqueda del atacanteLa policía lanzó un amplio operativo para buscar a los sospechosos y contactó a las agencias federales para que ayuden en la investigación, reportó AL.com.Las autoridades de Alabama tratan de determinar si fue un tiroteo desde un vehículo en movimiento o si fue de alguien que vino a pie, dijo la policía a AL.com.“Estén tranquilos que haremos todo en nuestro poder para descubrir, identificar y perseguir a quien sea haya sido responsable de atacar a nuestros ciudadanos”, expresó Fitzgerald.La zona de Five Points South en Birmingham tiene muchos espacios de ocio, restaurantes y bares y suele estar abarrotada los sábados por la noche.","Title":"Tiroteo en Alabama: Mueren cuatro personas y 18 quedan heridas tras ataque armado","PublishedDate":1727018701,"Keywords":[]}