{"Id":"488423","Author":"Redacción","Content":"El huracán ‘John’ impactó las costas de Guerrero cerca de las 21:30 horas de este lunes 23 de septiembre como categoría 3, luego de una evolución considerada como ‘rápida’ por expertos, ya que en cuestión de horas pasó de tormenta tropical a un meteoro con potencial de generar inundaciones “potencialmente letales”, de acuerdo con el Centro Nacional de Huracanes de Estados Unidos.La evolución del huracán ‘John’ ocurrió de manera similar a la de ‘Otis’, que en un lapso de cuatro días pasó de tormenta tropical a huracán categoría 5, o un caso más reciente el de ‘Beryl’, que a inicios de la temporada de huracanes de este año llegó hasta la categoría 5 debido al aumento en las temperaturas del Océano Atlántico, como explicó en su momento el Servicio Meteorológico de la Comisión Nacional del Agua (Conagua).El antecedente de ‘Otis’, que impactó las costas de acapulco a las primeras horas del 25 de octubre del año pasado, hace que la comunidad científica considere que algo fuera de lo normal está pasando en dicha zona, y se podría atribuir al calentamiento del Océano Pacífico. Esta sería la razón por la que el huracán ‘John’ se intensificó a categoría 3 tan rápidoEl inesperado fortalecimiento del huracán ‘John’ tomó desprevenidos a científicos, autoridades y residentes de la zona, algo que el meteorólogo Matt Benz de AccuWeather atribuyó a una mayor temperatura en la superficie oceánica, la cual contribuye a que los huracanes adquieran una mayor fuerza.En consecuencia, el incremento repentino en la intensidad de estos fenómenos se ha vuelto cada vez más común, señaló.“Estas son tormentas que realmente no hemos experimentado antes”, declaró. “La intensificación (del huracán ‘John’) rápida ha ocurrido con mayor frecuencia en la época moderna, en comparación con los registros históricos. Esto nos indica que algo está pasando allí”.Huracán ‘John’ pone en alerta a Acapulco por lluvias e inundaciones a casi un año del paso de ‘Otis’La situación era de tensión el lunes en las ciudades de la costa de Oaxaca al modificarse los pronósticos y efectuar las autoridades el anuncio.Laura Velázquez, coordinadora nacional de Protección Civil, les dijo a los residentes de ciudades costeras que debían evacuar sus viviendas y dirigirse a los albergues para “resguardar tu vida y la de tus familiares”.“Es muy importante que todos los ciudadanos en la zona costera… tomen medidas preventivas”, manifestó Velázquez.Ana Aldai, de 33 años, trabajadora en un restaurante de Puerto Escondido, dijo que los negocios de la zona comenzaron a cerrar después de que las autoridades ordenaron la suspensión de todas las actividades en las principales playas del área.Los gobiernos de los estados de Guerrero y Oaxaca anunciaron que las clases del martes serán suspendidas en diversas zonas costeras.El gobernador de Oaxaca, Salomón Jara Cruz, dijo que el gobierno estatal había evacuado a 3 mil personas y establecido 80 refugios. Indicó también que había enviado a mil efectivos militares y personal estatal para atender la emergencia.Videos publicados en redes sociales desde Puerto Escondido mostraban a turistas en sandalias caminando bajo intensas lluvias y a pescadores que sacaban sus botes del agua. Las fuertes lluvias de los días anteriores ya habían dejado varios caminos de la región en mal estado.Aldai dijo que estaba “un poquito angustiada” porque el aviso de las autoridades “fue de un momento a otro”.“No hubo la oportunidad de hacer las compras necesarias. Eso también nos angustia un poco”, agregó.Benz expresó su preocupación de que la tormenta pudiera reducir la velocidad de su avance una vez que toque tierra y se quede estática sobre la zona costera, lo que podría causar aún más daños.La presencia del meteoro es una mala noticia para la región, que el año pasado sufrió graves daños por un huracán que también se intensificó de forma repentina.El huracán ‘Otis’ devastó Acapulco, donde los residentes recibieron pocas advertencias sobre la fuerza de la tormenta que estaba a punto de azotarlos. Los científicos dijeron que ‘Otis’ —uno de los huracanes que más rápido se han intensificado entre los que se tiene registro— fue resultado del cambio en las condiciones climáticas.‘Otis’ causó una interrupción en el servicio eléctrico de la ciudad durante varios días, dejó cadáveres desperdigados por la costa y a familiares desesperados en busca de seres queridos. Gran parte de la ciudad se sumió en la anarquía, y miles de personas saquearon tiendas y pasaron apuros para obtener agua y comida.El gobierno de López Obrador recibió duras críticas por su lenta respuesta a ‘Otis’. Desde entonces, las autoridades se han comprometido a actuar con rapidez.La presidenta electa, Claudia Sheinbaum, dijo que su gobierno planea trabajar en mejorar un sistema de alerta temprana de ciclones, similar al que el país ya tiene para la detección de terremotos.Se prevé que el huracán ‘John’ arroje de 15 a 30 centímetros de lluvia en áreas costeras de Chiapas hasta el jueves, y mayores precipitaciones en zonas aisladas. En zonas a lo largo de la costa de Oaxaca, y hasta el sureste de Guerrero, se prevé que caigan entre 25 y 50 centímetros de lluvia hasta el jueves, con totales más elevados en ciertas áreas.“Probablemente se va a resentir el impacto de la tormenta desde las próximas dos semanas hasta un par de meses”, agregó Benz.Con información de AP.","Title":"¿Por qué el huracán ‘John’ se intensificó tan rápido? Científicos apuntan al calentamiento global","PublishedDate":1727168012,"Keywords":["encuesta claudia vs xochitl","voto 2024 encuestar","noticia de presupuesto","salarios nominal","pago días festivos","galvez encuestar"]}