{"Id":"488424","Author":"Víctor Chávez","Content":"A sólo siete días de dejar Palacio Nacional, el presidente Andrés Manuel López Obrador no tiene las mejores cifras en su gobierno y entregará malas cuentas.Dejará un país más inseguro, en el rezago educativo, con menor crecimiento económico, mayor inflación y un aumento de 24.9 por ciento en la gasolina regular, de acuerdo con un estudio, con cifras oficiales, de la consultora Integralia.El análisis destaca que, de 2018 a 2024, la violencia política creció 132.7 por ciento, al pasar de 382 casos a 889, de acuerdo con el número de víctimas registradas.Aunque subraya que los delitos dolosos disminuyeron 23.2 por ciento, destaca que el narcomenudeo se elevó 40.3 por ciento y la extorsión, 36.8 por ciento, mientras que el índice de impunidad pasó de 92.4 a 96.3 por ciento.No obstante, según el INEGI, la población de 18 años y más que considera insegura su ciudad disminuyó 16.5 por ciento, al pasar de 75.9 por ciento en 2018 a 59.4 por ciento en 2024. También se anota que la llamada cifra negra de los delitos –los no denunciados– bajó en este mismo periodo de 93.2 a 92.9 por ciento.En rezago educativo, la población de seis a 14 años que no asiste a la escuela, según el INEGI, pasó de 4.8 por ciento en 2010, a 6 por ciento en 2020.‘El Culiacanazo ha durado 12 días’: ¿Quién es Leticia, la hermana de Tatiana Clouthier que pide alto a violencia en Sinaloa?En materia económica el crecimiento del PIB cayó de 1.9 por ciento a 1 por ciento, y la inflación subió de 4.83 a 4.99 por ciento, mientras que el precio de la gasolina regular aumentó 24.9 por ciento, al pasar de 19.29 pesos a 24.09 pesos.Aunque el gobierno de Morena llegó con la bandera de combate a la corrupción, el estudio apunta que el “costo a consecuencia de corrupción”, de acuerdo también con el INEGI, se elevó 65 por ciento y pasó de 7 mil 217.8 millones de pesos, en 2017, a 11 mil 910.6 millones en 2023.","Title":"Deja AMLO un país ‘con menos crecimiento y más inseguro’","PublishedDate":1727170350,"Keywords":["lourdes mrndoza","retrato","forense","fernando gomez mont","alvarez morphy","huachicol fiscal"]}