{"Id":"488474","Author":"Elizabeth Vargas","Content":"Satya Nadella, CEO de Microsoft, anunció una inversión de mil 300 millones de dólares en México, destinada a fortalecer su capacidad de cómputo en la nube y democratizar el acceso a la inteligencia artificial (IA) entre los clientes de la compañía en el país.“Estoy muy emocionado de anunciar que estamos reforzando nuestra apuesta por México mediante una inversión adicional de miles de dólares. Este capital nos permite impulsar una profunda transformación en la capacidad de ecosistemas locales para aprovechar esta nueva materia prima”, expresó Nadella durante su conferencia magistral en el Microsoft AI Tour en el Centro Citibanamex mientras en la pantalla se desplegaba el monto de mil 300 millones de dólares.El anuncio fue reconfirmado por Marcelo Ebrard, quien ocupará la Secretaría de Economía bajo la administración de la presidenta electa, Claudia Sheinbaum, donde reconoció que se trata de buenas noticias para el país desde su cuenta oficial de X.“Anuncia ⁦Satya Nadella, CEO de Microsoft, una inversión de mil trescientos millones de dólares para ampliar las capacidades de México en Inteligencia Artificial. ¡Es una muy buena noticia para nuestro país!”, escribió el excanciller.Anuncia ⁦@satyanadella⁩ , CEO de Microsoft una inversión de mil trescientos millones de dólares para ampliar las capacidades de México en Inteligencia Artificial. Es una muy buena noticia para nuestro país !! pic.twitter.com/yN9FrUexg6— Marcelo Ebrard C. (@m_ebrard) September 24, 2024\n\n\n¿En qué destinará Microsoft su inversión en México?En su conferencia y de visita en México, Satya Nadella, CEO de Microsoft, detalló que esta inversión, de la que no explicó en qué plazo se ejercerá, se centrará en mejorar su infraestructura tecnológica, incluyendo su centro de datos en Querétaro, además de impulsar el desarrollo del ecosistema digital local, mejorar la conectividad e impulsar la adopción de la Inteligencia Artificial entre las empresas pequeñas y medianas que operan en México.Además, como parte de su estrategia, Microsoft se comprometió a capacitar a más de 5 millones de personas en habilidades relacionadas con la IA durante los próximos tres años. Esta formación busca equipar a los mexicanos con conocimientos clave que mejoren su desempeño en sectores como la salud, la industria y el sector público.Biden se lanza contra Rusia: ‘La guerra de Putin fracasó’ y advierte que seguirá apoyando a Ucrania“Por eso, estamos muy emocionados de anunciar que capacitaremos a más de 5 millones de personas en México en torno a la IA”, dijo el directivo.Según Satya Nadella, estas acciones reflejan el compromiso de Microsoft con la democratización de la tecnología, contribuyendo a generar un impacto positivo en la calidad de vida de los ciudadanos y el desarrollo económico del país.Explicó que en el país, firmas multinacionales de origen mexicano como Cemex, Grupo Carso y Bimbo ya han comenzado a usar herramientas de inteligencia artificial, como Copilot desarrollada por Microsoft, para mejorar su productividad.En línea con lo presentado en eventos anteriores como el Microsoft Build 2024, Nadella abordó el compromiso de Microsoft de integrar la IA en todas sus plataformas, haciendo énfasis en Copilot, la herramienta de IA que busca redefinir los procesos de creación de contenido y colaboración en entornos empresariales y educativos. Elizabeth Vargas.","Title":"Microsoft apuesta por México: Invertirá 1,300 mdd en el país, asegura su CEO Satya Nadella","PublishedDate":1727206264,"Keywords":["encuesta claudia vs xochitl","voto 2024 encuestar","noticia de presupuesto","salarios nominal","pago días festivos","galvez encuestar"]}