{"Id":"488515","Author":"Redacción","Content":"¿Cómo te vendrían unos milloncitos? Los domingos de realities show llegan poco a poco a su fin. Uno de los participantes conseguirá un premio multimillonario que le podrá ayudar para diferentes motivos. Aunque ‘La Casa de los Famosos’ y ‘La Academia’ fueron competencia a lo largo de muchos domingos, uno de ellos tiene el premio mayor para el ganador del respectivo reality.Cristian Salguero fue el eliminado  en el noveno concierto. (Foto: La Academia) ¿De cuánto es el premio de ‘La Academia’ y ‘La Casa de los Famosos’? Aunque ‘La Academia’ es un concurso de talentos que busca premiar a los jóvenes con mayor avance en la competencia  y mejor forma de cantar y desenvolverse como artista.En tanto, ‘La Casa de los Famosos’ es un reality distinto en donde  los televidentes simplemente votan por su famoso favorito, sin contar habilidades de talento.Premio de ‘La Academia’Después de semanas de competencia, ‘La Academia’ se perfila para elegir al absoluto ganador o ganadora que se dará a conocer el próximo 6 de octubre. Para sumarle sazón al evento, el conductor del programa, Jaime Camil, anunció que aportará una importante cantidad de dinero como reconocimiento al esfuerzo de los académicos a lo largo del reality.¿Otro? Cancelan show de Adrián Marcelo en Mérida: ¿Cuántos van desde su salida de ‘LCDLF’?El conductor dio a conocer la noticia durante el programa del pasado 22 de septiembre, donde los académicos interpretaron algunas de las canciones más icónicas de Disney.“Por esta gran admiración y respeto que les tengo a cada uno de ustedes, les quiero avisar que será un gran honor para mí y un gran placer poner de mi bolsa 250 mil pesos más”, dijo emocionado.El mismo Camil invitó a los televidentes a sumarse para aumentar el premio, a lo que Ricardo Salinas Pliego aportó un millón de pesos a la suma total del premio. Jaime Camil anunció que aumentara el premio para el académico que resulte ganador. (Foto: instagram jaimecamil) “Quiere que tengan un seguimiento y un sustento económico que apoye a quien sea el ganador o ganadora de La Academia. Me ha informado que con todo gusto y todo el amor y orgullo, él aporta un millón de pesos más”, compartió el dueño de TV Azteca.El premio total concluyó en un total de 2 millones de 250 mil, por lo que los académicos siguen en camino de conseguirlo. Premio de ‘La Casa de los Famosos México’ Después de 10 semanas de ‘La Casa de los Famosos México’ tiene a los primeros finalistas que luchan por el premio de 4 millones de pesos.La misma cantidad que ganó Wendy Guevara, ganadora de la primera temporada del reality show.","Title":"‘La Casa de los Famosos México’ vs. ‘La Academia’: ¿Quién otorga el mayor premio económico?","PublishedDate":1727231300,"Keywords":["encuesta claudia vs xochitl","voto 2024 encuestar","noticia de presupuesto","salarios nominal","pago días festivos","galvez encuestar"]}