{"Id":"488601","Author":"EFE","Content":"El francés Kylian Mbappé será baja en el derbi del Metropolitano ante el Atlético de Madrid, al confirmar las pruebas médicas a las que sometió en la mañana del miércoles, tras pedir el cambio en el partido ante el Alavés: sufrió una lesión muscular en el bíceps femoral de la pierna izquierda, la primera como jugador del Real Madrid.El Real Madrid publicó un parte médico tras la resonancia magnética a la que sometió a Mbappé: “Tras las pruebas realizadas hoy a nuestro jugador Kylian Mbappé por los Servicios Médicos del Real Madrid se le ha diagnosticado una lesión en el bíceps femoral de la pierna izquierda. Pendiente de evolución”. Parte médico de Mbappé. #RealMadrid— Real Madrid C.F. (@realmadrid) September 25, 2024\n\n\n¿Cuánto tiempo estará de baja Mbappé?El tiempo de baja que se baraja tras las pruebas médicas es de tres semanas, por lo que Mbappé causa baja para su primer derbi ante el Atlético de Madrid y además se perderá el partido de la Champions League frente al Lille y el del Villarreal de LaLiga. No podrá acudir a los partidos de la selección francesa en la ventana de octubre de la Liga de Naciones y el objetivo para su regreso sería el día 19, fecha en el que el Real Madrid visita al Celta de Vigo en la jornada previa al clásico del fútbol español, ante el Barcelona, para el que Mbappé ya estaría en perfectas condiciones de jugar.Kylian Mbappé firmó con el Real Madrid en julio de 2024.  (Chema Moya/EFE)Este mismo miércoles, día de descanso para la plantilla madridista, Mbappé ya trabajó en su recuperación en camilla con los fisioterapeutas del Real Madrid en la ciudad deportiva de Valdebebas, según informaron a EFE fuentes del club blanco. El delantero sintió molestias en la segunda parte ante el Alavés y pidió el cambio a Carlo Ancelotti, dejando su sitio a Arda Güler en el minuto 80. ¿Qué cambios hará Carlo Ancelotti tras lesión de Mbappé? Pese a que Ancelotti aseguró en rueda de prensa que Mbappé no tendría problemas de jugar el derbi, el técnico italiano ha recibido una nueva mala noticia en la plaga de lesiones que está marcando el inicio de temporada. “Está bien, estaba un poco cargado y me ha pedido el cambio para evitar problemas”, aseguró ‘Carletto’ que pierde a Mbappé en los tres próximos encuentros.¿Max Verstappen se retirará de Fórmula 1 tras sanción de la FIA? ‘No quiero estar lidiando con esto’La ausencia del delantero francés permitirá a Ancelotti realizar el cambio de sistema que estaba meditando para los partidos grandes, como el del Metropolitano, en el que aumentará la presencia de un centrocampista quitando un delantero. Pierde a Mbappé, pero recuperará a Eduardo Camavinga que el jueves se sumará a la dinámica de grupo tras superar un esguince de rodilla que le ha impedido jugar esta temporada. ","Title":"¿Qué lesión tiene Kylian Mbappé? El nuevo del Real Madrid se perderá partido de la Champions","PublishedDate":1727289606,"Keywords":["encuesta claudia vs xochitl","voto 2024 encuestar","noticia de presupuesto","salarios nominal","pago días festivos","galvez encuestar"]}