{"Id":"488768","Author":"Redacción","Content":"Así que tú digas “prófugos”, no tanto… La agrupación integrada por Julión Álvarez y Alfredo Olivas, ‘Prófugos del Anexo’, anunció que sus conciertos del 3 y 4 de octubre en la Plaza de Toros de la Ciudad de México fueron cancelados.El dúo compartió la noticia en una transmisión en vivo en redes sociales, donde mencionaron que “estiraron la liga” para poder realizar el concierto, pero no lo lograron.“En este momento, a pocos días, desgraciadamente los eventos del 3 y 4 de octubre están cancelados por causas ajenas. Somos responsables, de alguna manera indirectamente, de poner en manos de empresas en las que confiamos eventos de esta magnitud. Teníamos muchas ganas de estar en la CDMX y de poder llevar Prófugos del Anexo”, dijo el cantante regional mexicano. Alfredo Olivas y Julión Álvarez volvieron a cancelar conciertos en Ciudad de México (Foto: Cuartoscuro/Instagram @alfredoolivasoficial) ¿Por qué cancelaron el concierto de Prófugos del anexo?El anunció del dúo surge después de que la alcaldía Benito Juárez señaló la cancelación de los conciertos debido a que carecen de los permisos correspondientes para su realización.A través de una transmisión en vivo, el grupo informó que confiaron en empresas organizadoras de eventos que les fallaron.También señalaron que se dieron cuenta de que algo no iba bien cuando las autoridades capitalinas informaron que no se tenía “conocimiento que la persona moral titular de la licencia de la Plaza de Toros haya presentado el Aviso correspondiente” al querer organizar este evento masivo”.‘Estoy en paz contigo’: Paul Stanley perdona a Mario Bezares EN VIVO en ‘LCDLFMX’Prófugos del anexo anunció su segunda cancelación del concierto. (Foto: instagram: alfredolivasoficial) “Nosotros pusimos el proyecto en manos de empresas legalmente constituidas. Nosotros pusimos en manos de esas empresas, hasta que sale la negativa pública de la alcaldía, es cuando nosotros nos volteamos a ver: ‘Compa, algo está pasando y algo no se está llevando como tiene que ser’”, comentó Julión Álvarez.Alfredo Olivas señaló que ambos se responsabilizan de los sucedido y que aunque creyeron que reunían los requisitos para lograrlo, no parece coincidencia que sea la segunda vez que no se pueden presentar.“Se pisan callos, molestamos a terceros y esto ha generado lo que está pasando básicamente, ya es la segunda donde no podemos presentarnos”, mencionaron. El cantautor Julión Álvarez compartió que no podrán posponer los conciertos. \n(FOTO: GUSTAVO BECERRA /CUARTOSCURO.COM)  (Cuartoscuro)¿Cuándo será el concierto de Prófugos del Anexo?A pesar de que mencionan que les dieron la posibilidad de posponerlos, ellos se negaron, ‘¿posponerlo para cuándo?’, mencionaron.“¿Con qué cara posponemos? Quedarles mal en una tercera ocasión ya no nos podíamos permitir”. Mientras que Julión Álvarez declaró que: “oficialmente no podemos hacer más y aventarnos un volado, posponer y decir ‘a ver qué día nos dan la Plaza de Toros”.Recalcaron que buscan presionar a las instancias correspondientes, pues tenían precios de boletos que iban hasta los 11 mil 500 pesos.","Title":"Sin ‘Prófugos del Anexo’: Julión Álvarez y Alfredo Olivas cancelan su concierto otra vez en Ciudad de México","PublishedDate":1727412483,"Keywords":["encuesta claudia vs xochitl","voto 2024 encuestar","noticia de presupuesto","salarios nominal","pago días festivos","galvez encuestar"]}