{"Id":"488849","Author":"Redacción","Content":"Tras darse a conocer que el actual subsecretario de Hacienda, Gabriel Yorio, renunciaría a su cargo en la administración de Claudia Sheinbaum, se ha perfilado a Edgar Amador como su sustituto, de acuerdo con fuentes cercanas al tema.Tal y como lo informó El Financiero, la fecha exacta de la salida de Yorio de la dependencia, que seguirá a cargo de Rogelio Ramírez de la O en el próximo gobierno, no se sabe con exactitud. Podría ser a partir del 1 de octubre o después de la presentación del Paquete Económico 2025 previsto en noviembre.Ante estos escenarios, trascendió que Edgar Amador podría relevar a Yorio González en el cargo que ha ocupado desde 2019.¿Quién es Edgar Amador?Edgar Amador es originario de Monclova, Coahuila. El economista por la UNAM tiene una maestría en la misma rama por el Colegio de México.Amador fue titular de la Secretaría de Finanzas de la Ciudad de México en el gobierno de Miguel Ángel Mancera, pero renunció el 24 de abril de 2018, ya con José Ramón Amieva al frente de la capital.También ha ocupado cargos en el lado privado y en diversos organismos, como en el Banco de México (Banxico). Incluso, fue nominado como el mejor Economista de América Latina por el Institutional Investor de Nueva York en 1998.Fuerzas Armadas impulsan cifras del comercio exterior de México: Agentes aduanalesDe acuerdo con analistas consultados, el relevo de Gabriel Yorio debe contar con experiencia en el manejo macrofinanciero y de deuda.¿Qué perfil debe tener el sustituto de Gabriel Yorio?La salida del subsecretario Yorio es una mala noticia, porque era, por decirlo así, el portavoz de Hacienda con los mercados financieros y su salida deja un hueco difícil de llenar, afirmó Marco Oviedo,El estratega para América Latina del banco brasileño XP Investments, agregó que “quien lo releve debe temer experiencia en manejo macro financiero y de deuda porque se vienen temas complicados, ahora con el ajuste fiscal, los retos en Pemex… algo de experiencia deben tener”.Consideró que ojalá que quien ocupe su posición haga la misma tarea, de estar en comunicación con los mercados, porque en esta situación donde estamos se está dando una transición importante, se vienen retos importantes.“Hacienda van a necesitar un interlocutor de igual o mejor intensidad, que mantenga esa comunicación que necesitan los mercados; definitivamente su salida es una mala noticia, en resumidas cuentas, es una pena que tenga que retirarse y estamos atentos que quien pueda quedarse y pueda llenar sus zapatos”.","Title":"Renuncia de Gabriel Yorio en Hacienda: Economista Edgar Amador se perfila como su sustituto","PublishedDate":1727468599,"Keywords":["encuesta claudia vs xochitl","voto 2024 encuestar","noticia de presupuesto","salarios nominal","pago días festivos","galvez encuestar"]}