{"Id":"488895","Author":"EFE","Content":"Un subcomandante de la Guardia Revolucionaria iraní murió en el ataque israelí contra Beirut del viernes, en el que falleció también el líder de la milicia libanesa Hezbolá, Hasán Nasrala, informaron este sábado medios iraníes.“El general de brigada Abbas Nilfrushan murió en el ataque de Israel contra Beirut, junto con el líder de Hizbolá Hasán Nasrala”, informó la agencia Mehr.La agencia indicó que Nilfrushan era el subcomandante al cargo de las operaciones de la poderosa Guardia Revolucionaria, mientras que otros medios afirmaron que estaba al frente de la Fuerza Quds, el brazo exterior del cuerpo militar, en el Líbano.Nilfrushan estaba sancionado por Estados Unidos desde octubre de 2022 por su papel en la represión de manifestaciones pacíficas, especialmente en la provincia de mayoría suní Sistán y Baluchistán.¿Cuáles son los antecedentes del conflicto entre Israel y Líbano?En pasado abril murieron en el consulado iraní en Damasco siete miembros de la Guardia Revolucionaria, entre ellos tres generales, en un ataque atribuido a Israel.Como represalia, Irán lanzó cientos de misiles y drones contra Israel a mediados de abril, en la primera ocasión en la que Teherán atacó directamente territorio israelí, en un bombardeo que, pese a su espectacularidad, apenas causó daños.Hutíes de Yemen condenan el ataque de Israel en Beirut y muestran su apoyo a HezboláIsrael lanzó la tarde del viernes un ataque sin precedentes contra un edificio residencial en los suburbios de Beirut, donde se hallaba la sede central del grupo chií libanés Hezbolá.En el ataque murió Nasrala, el histórico líder de Hezbolá, uno de los principales aliados de Irán en la región.Teherán capitanea el llamado ‘Eje de la resistencia’, una alianza informal antiisraelí formada además de por Hezbolá por los palestinos de Hamás y los hutíes del Yemen, entre otros.Irán aseguró que el camino de Nasrala continuará tras su muerte en los bombardeos israelíes del viernes contra los suburbios de Beirut.","Title":"Hezbolá confirma  la muerte de su líder, Hasán Nasrala, en un ataque de Israel contra Beirut","PublishedDate":1727535051,"Keywords":[]}