{"Id":"488855","Author":"Redacción","Content":"“¿Cuándo te veré otra vez, mi vida, cuándo?” Los Temerarios tienen una agenda muy apretada, ya que se encuentran realizando su última gira “Hasta siempre” por Estados Unidos, en donde tienen programados más de 20 shows, que finalizarán hasta diciembre, pero, ¿entre esas fechas se harán un espacio para volver a la Ciudad de México y dar un concierto en el Zócalo?Este rumor comenzó a circular en redes sociales, debido a que se compartió un cartel en el que se asegura que los hermanos Adolfo Ángel y Gustavo Ángel Alba llegarán a la capital para brindar un show gratuito.¿Qué se sabe del concierto gratuito de Los Temerarios en el Zócalo?En la imagen se pueden ver los logos del Gobierno de la Ciudad de México, así como los de la Secretaría de Cultura capitalina y se especifica que el show gratuito en el Zócalo de Los Temerarios será en septiembre.A pesar de que muchas personas se emocionaron ante esta posibilidad, el cartel es completamente falso, pues ninguna de las autoridades de la Ciudad de México ni los mismos Temerarios confirmaron el espectáculo.El cartel que circula en redes sociales es falso, ya que no fue compartido por las autoridades de la Ciudad de México y Los Temerarios actualmente se encuentran de gira por Estados Unidos. (Foto: Redes sociales) Tampoco es probable que este concierto se realice en septiembre, debido a que los shows gratuitos en el Zócalo se suelen anunciar con dos semanas de anticipación y Los Temerarios tienen programados eventos seguidos entre finales de septiembre y principios de octubre.Así que lamentamos decirte que todas las publicaciones que hay al respecto son falsas, pues no será posible cantar a todo pulmón éxitos como ‘Ven porque te necesito’, ‘Sé que te amo’ ni ‘Mi vida eres tú' en el Zócalo.‘Pongan a Caifanes’: Metallica  toca ‘La Negra Tomasa’ en su segundo concierto en Estadio GNP  CDMX‘Y será la última noche’: ¿Cuándo es el concierto de Los Temerarios en el Estadio GNP Seguros?A pesar de que Los Temerarios no volverán a la Ciudad de México en septiembre, sí regresarán a la capital del país en diciembre para cerrar con broche de oro su gira ‘Hasta siempre’ en el Estadio GNP Seguros.Este show será uno de los más emblemáticos, debido a que es el último concierto que Los Temerarios darán, ya que este evento marcará el final de sus más de 40 años de trayectoria sobre los escenarios.Los Temerarios anunciaron su separación en 2023, año desde el cual están de gira. (Foto: Cuartoscuro / Juan Pablo Zamora Pérez) El último concierto se llevará a cabo el próximo 20 de diciembre y todavía es posible encontrar unos cuantos lugares en el Estadio GNP Seguros.Los precios de los boletos para el concierto de Los Temerarios van de los mil 85 pesos hasta 3 mil 159 pesos, en la zona más cercana al escenario; sin embargo, son muy pocos los espacios aún disponibles.¿Por qué Los Temerarios se separaron?Los Temerarios llevan más de un año de gira, aunque hace tiempo Adolfo Ángel y Gustavo Ángel Alba, quienes conforman la banda, decidieron seguir caminos separados.El 28 de agosto de 2023, los intérpretes de ‘La Mujer de los Dos’ compartieron a través de un comunicado esta noticia, aunque no dieron a conocer los detalles sobre la determinación, ya que únicamente agradecieron el cariño del público.Los Temerarios anunciaron su separación a través de redes sociales, en donde agradecieron el cariño de su público. (Foto: Facebook / Los Temerarios). “Con el amor que nos ha unido desde que éramos niños, mismo que sentimos por la vocación que hemos tenido el privilegio de ejercer y compartir por más de 46 años, les queremos comunicar que hemos tomado la difícil decisión de separarnos musicalmente”, expresaron en su momento.Durante febrero, Los Temerarios se presentaron en la Arena CDMX, recinto que lograron llenar en cinco ocasiones diferentes, por lo que su último concierto lo harán en el recién inaugurado Estadio GNP Seguros, en donde se han presentado artistas como Bruno Mars y Metallica.","Title":"‘Y solo tú fuiste capaz de engañarme’: ¿Los Temerarios darán concierto gratis en el Zócalo? Esto sabemos","PublishedDate":1727472595,"Keywords":["encuesta claudia vs xochitl","voto 2024 encuestar","noticia de presupuesto","salarios nominal","pago días festivos","galvez encuestar"]}