{"Id":"488914","Author":"Redacción","Content":"El número de muertes por el huracán ‘John’ en Oaxaca aumentó este sábado a cinco, sumando así al menos 24 fallecidos por los efectos del fenómeno meteorológico en todo el país, incluyendo 18 en el vecino Guerrero, y uno más en Michoacán.Dos personas, ente ellas un menor de edad, murieron sepultadas tras un deslave en su vivienda, ocurrido la madrugada de este sábado en Coicoyán de las Flores, en la región de la Mixteca de Oaxaca.Según autoridades, las víctimas son un abuelo y su nieto, por lo que la cifra de muertos en Oaxaca subió a cinco, luego de que el gobernador anunciara sobre el hallazgo de tres cuerpos en días pasados.Por las lluvias que se registraron por el huracán ‘John’ hubo un deslizamiento de tierra y las dos personas quedaron sepultadas al caerle la tierra en el lugar en donde dormían.Con la ayuda de maquinaria lograron rescatar los dos cadáveres, los cuales fueron entregados a sus familiares.Inundaciones en el municipio de Coicoyán de Las Flores, en Oaxaca. (Foto: EFE) (Jesús Méndez/EFE)De acuerdo con Protección Civil de Oaxaca, la alerta continúa en las regiones de la Sierra Sur y Costa de Oaxaca debido a que las lluvias persistirán durante este fin de semana.Ni para cuando salga el sol: México tendrá lluvias intensas el fin de semana en estas entidades¿En qué otros estados hay afectaciones por ‘John’?En Michoacán se reportó el viernes la muerte de un niño de cuatro años que cayó al río Grande en Morelia, el cual estaba casi al borde de su capacidad por las continuas lluvias.En Guerrero, otras cinco personas fueron halladas sin vida en Acapulco, además de que dos más, una madre y su hijo, están desaparecidos tras el colapso de una barda, sumando así 18 decesos en ese estado desde el impacto del ciclón el lunes pasado.No obstante, las cifras oficiales del estado solo incluyen ocho muertes hasta el momento.Un camión de carga circula por una carretera afectada tras el paso del huracán 'John', este sábado en el municipio de Coicoyán de Las Flores. (EFE)\n (Jesús Méndez/EFE)AMLO confirma ocho muertos en AcapulcoEsta mañana, el presidente saliente, Andrés Manuel López Obrador, lamentó el fallecimiento de ocho personas por los derrumbes que ocasionó ‘John’ en las costas de Acapulco y resaltó las labores de rescate de las Fuerzas Armadas.“El Ejército, la Marina y la Guardia Nacional rescataron a muchas familias que quedaron aisladas en sus viviendas por las inundaciones en Acapulco. Esta primera etapa nos permitió salvar vidas y sólo lamentamos la pérdida de ocho personas debido a derrumbes por las intensas lluvias”, señaló.El Ejército acudió a ayudar con las labores de rescate en Oaxaca. (EFE) (Jesús Méndez/EFE)‘John’ se degradó el viernes como baja presión remanente en Michoacán, tras resurgir el miércoles luego de haber tocado tierra el lunes como categoría 3 en Guerrero.Con información de Óscar García /corresponsal y EFE","Title":"Sube a cinco los muertos por ‘John’ en Oaxaca: Van 24 víctimas por inundaciones y deslaves","PublishedDate":1727564876,"Keywords":[]}