{"Id":"488905","Author":"Redacción","Content":"La tormenta tropical ‘John’, que ha dejado hasta el momento al menos 22 muertos, provocó graves daños al puerto de Acapulco, Guerrero, luego de pasar por la entidad como un huracán de categoría 3.El jueves, volvió a tomar fuerza y tocó tierra por segunda vez, ahora en Michoacán como tormenta tropical. Sin embargo, los daños más fuertes fueron provocados en Acapulco.¿Cómo quedó Acapulco tras el paso del huracán ‘John’?Las autoridades reportaron el viernes otros seis muertos por el huracán ‘John’, con lo que la cifra de fallecidos aumentó a 22, desde el impacto del ciclón el lunes pasado, de los que 18 se registraron en Guerrero, otros tres en Oaxaca y uno más en Michoacán.Las lluvias provocadas por el huracán 'John' continúan afectando al puerto de Acapulco desde hace cuatro días. (Foto: Cuartoscuro) (Carlos Alberto Carbajal)Otras cinco personas fueron halladas sin vida en Acapulco, además de que dos más, una madre y su hijo, están desaparecidos tras el colapso de una barda.Las autoridades han pedido a la población extremar precauciones ante los deslaves y las inundaciones en el puerto de Acapulco. (Cuartoscuro) (Carlos Alberto Carbajal)Tres de las víctimas mortales son dos mujeres y un hombre que fallecieron en la colonia Lázaro Cárdenas, en la parte alta del puerto, durante la madrugada de este viernes, cuando un cerro se deslavó por las lluvias y arrastró una gran cantidad de piedra, provocando que varias casas colapsaran, así como sus paredes, postes de telefonía y una camioneta fuera arrastrada.Personas caminan sobre una avenida inundada por el paso del huracán 'John' en el puerto de Acapulco. (Foto: EFE) (David Guzmán/EFE)En una de las casas estaba una mujer de 88 años, quien quedó sepultada por las piedras y la tierra en una habitación de su casa, mientras su nieto, quien la acompañaba, quedó enterrado, pero los vecinos al escuchar los gritos pudieron rescatarlo con vida.No para la violencia en Sinaloa: Encuentran 6 cuerpos con huellas de tortura en camioneta En la segunda casa, una pareja de 45 años también fue encontrada sin vida, luego de que una losa y las paredes colapsaron, dejando sepultadas a las personas.Un deslave provocado por el reblandeciendo de tierra por las lluvias que dejó el huracán 'John'. Protección civil pidió a los habitantes desalojar la Unidad Habitacional Infonavit Alta Progreso de Acapulco, para evitar un desastre mayor. (Foto: Cuartoscuro) (Carlos Alberto Carbajal)En la colonia Libertadores, una mujer mayor murió sepultada tras el deslave de un cerro en la calle Miguel Hidalgo, cuando se encontraba en la cocina construida de madera.José Luis Estrada, vecino de la colonia Infonavit Alta Progreso, narró a EFE el momento exacto del colapso que presenció, cuando se desgajó “todo un andador de toda la zona de los edificios”.huracán John La Zona Diamante de Acapulco continúa inundada después de cinco días del paso del huracán John. (Cuartoscuro) (Carlos Alberto Carbajal)El gobernador de Oaxaca, Salomón Jara, informó el jueves a los medios de tres fallecidos, incluido un menor de edad arrastrado por la corriente.En Michoacán se reportó además la muerte de un niño de cuatro años que cayó al río Grande en Morelia, el cual estaba casi al borde de su capacidad por las continuas lluvias en la entidad.En la Zona Diamante de Acapulco, los habitantes caminan entre las calles inundadas, buscando alimentos o para desalojar la zona. (Foto: Cuartoscuro) (Carlos Alberto Carbajal)‘John’ se degradó como baja presión remanente en Michoacán, tras resurgir el miércoles de sus remanentes, después de haber tocado tierra el lunes como categoría 3 en Guerrero.El puerto de Acapulcon continúa con graves daños luego del paso del huracán 'John' (Foto: Cuartoscuro) (Carlos Alberto Carbajal)El ciclón ha sorprendido porque en un inicio se preveía que fuera una tormenta tropical que se degradaría a depresión al tocar tierra el miércoles en Chiapas, pero se intensificó, aceleró y cambió de rumbo el lunes, cuando se fortaleció hasta huracán categoría 3 y golpeó la zona de la Costa Chica de Guerrero.El ciclón ha sorprendido porque en un inicio se preveía que fuera una tormenta tropical. (Cuartoscuro) (Carlos Alberto Carbajal)Con información EFE","Title":"‘John’ destroza Acapulco: ¿Cómo quedó el puerto tras el paso del huracán? (Fotos)","PublishedDate":1727554294,"Keywords":[]}