{"Id":"488908","Author":"Redacción","Content":"La Universidad Nacional Autónoma de México (UNAM) anunció que abrirá un centro de acopio para ayudar a los damnificados que dejó el huracán ‘John’ en Guerrero.A través de sus redes sociales, la universidad señaló que abrirá el Centro de Acopio #ComunidadUNAM Solidaria, para la población que quedó afectada por el impacto del huracán que tocó tierra en el puerto de Acapulco.¿En dónde estará el centro de acopio de la UNAM?La UNAM informó que su centro de acopio estará en el Estadio Olímpico Universitario, en el estacionamiento 8, adelante de las astas banderas.El centro estará abierto de las 10:00 de la mañana hasta las 6:00 de la tarde. Y se pondrá en funcionamiento a partir del lunes 30 de septiembre.¡Ayudemos a quienes más lo necesitan! 💙 A partir del lunes 30 de septiembre, abrirá el Centro de Acopio #ComunidadUNAM Solidaria, en el #EOU, para la población damnificada por el huracán John. 👇 pic.twitter.com/IJ7S0I0HM4— UNAM (@UNAM_MX) September 28, 2024\n\n\nHasta el momento, ‘John’ ha dejado al menos 22 muertos desde el impacto del ciclón el lunes pasado, de los que 18 son de Guerrero, otros tres en Oaxaca y uno más en Michoacán.Otras cinco personas fueron halladas sin vida en Acapulco, además de que dos más, una madre y su hijo, están desaparecidos tras el colapso de una barda.Tribunal de Justicia en Chihuahua inhabilita a Javier Corral por un año: ¿Ya no será senador?¿Qué pueden llevar al centro de acopio de la UNAM?En el centro de acopio de la UNAM recibirá agua embotellada, alimentos enlatados que no estén caducos, objetos para la higiene personal como jabón, pasta y cepillo de dientes, ropa de bebé que esté limpia o nueva.También pueden llevar insumos para primeros auxilios, artículos de baño como papel, toallas femeninas o pañales desechables.El centro de acopio también recibirá herramientas para la remoción de desechos y escombros como carretillas, barretas, palas y picos. La UNAM enlistó en su página de acopio.unam.mx los productos que sí se pueden llevar para resolver las dudas de la población. La Secretaría de Turismo del gobierno federal también instaló un centro de acopio en la Ciudad de México para llevar víveres a los damnificados por el huracán ‘John’ en Acapulco.El centro se encuentra en avenida Presidente Masaryk número 172, en la colonia Polanco. Y estará abierto de lunes a domingo de 8:00 de la mañana a las 7:00 de la tarde.En solidaridad con los afectados por el huracán #John en #Acapulco, los invitamos a llevar su donación al Centro de Acopio que instalamos en nuestras instalaciones, las donaciones serán entregadas por la @SEMAR_mx.Av Presidente Masaryk #172, Polanco Lunes a domingo de 8 a 19 h pic.twitter.com/bFifbbx4Xf— SECTUR México (@SECTUR_mx) September 28, 2024\n\n\n‘John’ se degradó como baja presión remanente en Michoacán, tras resurgir el miércoles de sus remanentes, después de haber tocado tierra el lunes como categoría 3 en Guerrero.El ciclón ha sorprendido porque en un inicio se preveía que fuera una tormenta tropical que se degradaría a depresión al tocar tierra el miércoles en Chiapas, pero se intensificó, aceleró y cambió de rumbo el lunes, cuando se fortaleció hasta huracán categoría 3 y golpeó la zona de la Costa Chica de Guerrero.","Title":"¿Dónde estará y qué puedes llevar al centro de acopio de la UNAM para damnificados por ‘John’?","PublishedDate":1727558712,"Keywords":[]}