{"Id":"5046","Author":"Redacción","Content":"De los migrantes hallados muertos en un tráiler en Texas, 22 eran mexicanos, confirmó este martes Marcelo Ebrard, secretario de Relaciones Exteriores (SRE).El canciller indicó que en total hubo 50 personas fallecidas en el vehículo de carga.“22 mexicanos. 7 guatemaltecos. 2 hondureños. Los demás por ser identificados aún. Estamos de luto”, apuntó Ebrard en su cuenta de Twitter. También informó que México se sumará a las investigaciones que realiza el Departamento de Seguridad Nacional (DHS) de Estados Unidos sobre este caso.Roberto Velasco, jefe de la Unidad para América del Norte, añadió: “Todos responsables serán llevados ante la justicia”.A través de su cuenta de Twitter, el jefe de la unidad afirmó que “Apoyaremos la repatriación de los cuerpos de las víctimas mexicanas y continuamos ofreciendo apoyo a todas los heridos de nuestro país y sus familias”.El lunes por la noche se informó que al menos 46 migrantes fueron encontrados muertos en un camión en San Antonio, Texas, EU (colindante con México). Asimismo se detalló que hay 16 personas heridas, entre ellas 12 adultos y cuatro menores.El camión habría sido encontrado junto a las vías del tren en Southwest Side.A través de redes sociales, el canciller mexicano Marcelo Ebrard dijo el lunes que las víctimas murieron a causa de asfixia. “Condolencias a las víctimas y sus familias. Aún no conocemos nacionalidades”, señaló en Twitter.Entre los detalles, dados a conocer por las autoridades, se señaló que el trailer en el que viajaban los indocumentados tenía placas de Estados Unidos para circular sin revisión.‘Tremenda desgracia’El presidente Andrés Manuel López Obrador apuntó este martes que el caso es una tremenda desgracia. Dijo que su Gobierno ha estado y estará atento a las familias de las personas que fallecieron en el tráiler.También dijo que se apoyará con el traslado de los cuerpos y con la investigación.“Estos hechos lamentables que desde luego tienen que ver con la situación de pobreza, suceden porque también hay tráfico de personas y falta de controles”.López Obrador informó que su reunión con Joe Biden, presidente de EU, será el 12 de junio, donde hablarán sobre migración.“Esta es una amarga prueba de que hay que seguir insistiendo en apoyar a la gente para que no tenga necesidad de abandonar sus pueblos para irse a buscar la vida”, declaró.","Title":"‘Estamos de luto’: Ebrard confirma que 22 mexicanos murieron en tráiler en Texas","PublishedDate":1656418636,"Keywords":[]}