{"Id":"51420","Author":"Víctor Chávez","Content":"La diputada de Morena, Carmen Medel Palma, recibió este jueves en plena sesión de San Lázaro la noticia del asesinato de su hija.La diputada rompió en llanto tras recibir la noticia, y posteriormente se declaró un receso y posterior suspensión de actividades en la Cámara baja.Durante la sesión, alrededor de las 13:40 horas, la legisladora recibió una llamada telefónica, en la que informaron que su hija fue asesinada y luego entre gritos de \"¡mi hija!, ¡mi hija!\", la diputada Medel sufrió una crisis nerviosa y de inmediato la asistieron sus compañeras legisladoras y personal médico y de logística del Palacio Legislativo.Ante el miedo y desconcierto de todos, el presidente en turno de la Mesa Directiva, el panista Marco Antonio Adame, declaró el receso. Posteriormente se declaró la cancelación de la sesión.Más tarde, Manuel Huerta Ladrón de Guevara, líder de Morena en Veracruz, confirmó el homicidio de la joven.Valeria Medel, de 22 años, fue asesinada mientras practicaba ejercicios en un gimnasio en Ciudad Mendoza, en la zona centro del estado.La joven estudiante de medicina en la Universidad Veracruzana fue presuntamente acribillada por un grupo de sujetos desconocidos que huyeron del lugar, de acuerdo con los primeros reportes.Ladrón de Guevara condenó los hechos y pidió que se llegue hasta el fondo de las investigaciones y se de con los responsables.\"Que se investigue y que se aclare bien porque es la hija de una representante popular muy querida y reconocida por el Morena\", declaró.Diputados y senadores condenan homicidioA nombre de todos los legisladores de Morena, el diputado Pablo Gómez condenó el crimen de la delincuencia organizada y llamó a pacificar el país.Por otra parte, el pleno del Senado guardó un minuto de silencio por el asesinato de la hija de la diputada de Morena, Carmen Medel.\"En la Cámara de Diputados, nuestra colegisladora, se levantó la sesión porque ha llegado hasta ahí el clima de inseguridad. Lamentable\", dijo el presidente de la Junta de Coordinación Política, Ricardo Monreal, quien condenó el hecho y solicitó el minuto de silencio.Además, el coordinador de la bancada de Morena pidió al Gobierno de Veracruz y al Gobierno federal esclarecer de forma inmediata el homicidio.\"Esperamos que pronto se restablezca la paz y le expresamos nuestro más sentido pésame y nuestras condolencias y nuestra tristeza a la diputada Carmen. Que descanse en paz su hija\", agregó.Con información de Eduardo Ortega e Iván Sánchez ","Title":"Diputada recibe noticia del asesinato de su hija durante sesión en San Lázaro","PublishedDate":1541708991,"Keywords":["encuesta claudia vs xochitl","voto 2024 encuestar","noticia de presupuesto","salarios nominal","pago días festivos","galvez encuestar"]}