{"Id":"51592","Author":"Reuters","Content":"México y algunos países de Centroamérica aplaudieron el miércoles la decisión del presidente Donald Trump de revertir la polémica política migratoria de separar a las familias que cruzan ilegalmente la frontera sur de Estados Unidos.Naciones Unidas (ONU), el Papa Francisco y varios líderes mundiales criticaron el martes la separación de familias, resultado de una política gubernamental de \"tolerancia cero\".México, que calificó la separación como \"cruel e inhumana\", dijo el miércoles que la orden ejecutiva que firmó Trump era una \"buena noticia\".\"Indudablemente es una buena noticia que el gobierno de Estados Unidos acabe con la cruel e inhumana separación de niños migrantes de sus padres\", escribió en su cuenta de Twitter el canciller Luis Videgaray.En abril, el fiscal general de Estados Unidos, Jeff Sessions, anunció una política de \"tolerancia cero\" bajo la cual las personas capturadas tratando de ingresar ilegalmente al país enfrentan cargos criminales, lo que conlleva a que los niños sean separados de sus padres inmigrantes.Los padres son llevados a cárceles federales mientras que los hijos son trasladados a instalaciones de detención donde permanecen en jaulas en pisos de cemento, según videos que se hicieron virales en las redes sociales.Unos dos mil niños, la mayoría centroamericanos, han sido separados de sus padres entre mediados de abril y fines de mayo.Otros gobiernos, como el guatemalteco, también agradecieron el recule de Trump.\"El gobierno de Guatemala se congratula con la decisión del presidente de Estado Unidos, Donald Trump, de revertir la política migratoria que fragmentaba la unidad familiar\", dijo el gobierno de Jimmy Morales en un comunicado.","Title":"'Buena noticia', decisión de Trump de revertir separación de familias:  México y Centroamérica","PublishedDate":1529531747,"Keywords":["encuesta claudia vs xochitl","voto 2024 encuestar","noticia de presupuesto","salarios nominal","pago días festivos","galvez encuestar"]}