{"Id":"5442","Author":"Arturo Estrada","Content":"Un presunto sicario golpeó de manera brutal el rostro del sacerdote, Mateo Calvillo Paz, de la Arquidiócesis de Morelia, Michoacán.La víctima tuvo que ser atendido de urgencia tras la agresión sufrida en el municipio de Queréndaro,   A través de una carta dirigida a los medios de comunicación, el sacerdote detalló el horror que vivió.“Las cosas sucedieron en tres minutos, fue un ataque profesional, me bloquearon el carro, me agredieron a golpes, el agresor debió ser un sicario”, acotó. En el hecho, los golpes le destrozaron la cara al sacerdote.Después de sufrir la agresión, Mateo Calvillo pidió ayuda a la Iglesia de Queréndaro, con el señor cura Rafael Juárez. La víctima recibió ayuda médica en la clínica “Asunción”.Mateo Calvillo es un sacerdote conocido y reconocido por su trayectoria de varias décadas en la capital del estado. Entre la sociedad moreliano existe una gran indignación por el atentado, y exigir que el hecho no quede impune.Con el asesinato de los sacerdotes jesuitas Javier Campos Morales y Joaquín César Mora Salazar el mes pasado, en un templo de la comunidad de Cerocahui, Chihuahua, suman siete homicidios a miembros de la congregación católica en lo que va de la administración del presidente Andrés Manuel López Obrador, según cifras del Centro Católico Multimedial (CCM).","Title":"Agreden al sacerdote  Mateo Calvillo en Michoacán: Esto sabemos sobre el caso","PublishedDate":1656921584,"Keywords":[]}