{"Id":"56827","Author":"Alberto Silva","Content":"La vestimenta que llevaba la mujer encontrada muerta en un terreno baldío, en el municipio de Juárez, coincide con la ropa que llevaba Yolanda Martínez, la última vez que fue vista, informó la Fiscalía General de Justicia de Nuevo León. Griselda Núñez, titular de la Fiscalía Especializada en Feminicidios dijo que el cuerpo localizado la tarde del domingo se encuentra en el servicio médico forense y que están en espera de obtener los resultados para determinar las causas de la muerte. Además esperarán los resultados de ADN para determinar que se trate de la joven de 26 años. El cuerpo fue localizado la tarde del domingo por una mujer que recogía leña. De acuerdo con las autoridades el hallazgo se reportó cerca de las calles Hortelanos y Los Huertos, en la Colonia Los Huertos.La Fiscalía informó que el cuerpo llevaba una blusa negra con rayas, pantalón de mezclilla en color azul, tenis negros y una bolsa negra, características que son similares a la ficha que se emitió del reporte de búsqueda de Yolanda Martínez Cadena.","Title":"Caso Yolanda Martínez: Fiscalía de NL confirma que vestimenta de mujer hallada muerta coincide con su descripción","PublishedDate":1652109131,"Keywords":[]}