{"Id":"82186","Author":"Redacción","Content":"El Gobierno de la Ciudad de México anunció que se inoculará a los jóvenes que recién cumplieron 18 años.Luego de terminar con el plan de vacunación en la capital, el director general de Gobierno Digital de la Agencia Digital de Innovación Pública, Eduardo Clark, anunció que se continuará con la inoculación de rezagados, donde podrán acudir también estos jóvenes.“Para cualquier persona que requiera primera dosis y tenga más de 18 años, tanto personas rezagadas de otras etapas como aquellos jóvenes que están cumpliendo años en estos días pueden acudir a las sedes”, dijo en conferencia de prensa.Del próximo miércoles 3 de noviembre al sábado 6 del mismo mes, la ciudad contará con dos sedes de vacunación: una en la Biblioteca Vasconcelos y otra en el Centro de Estudios Superiores en Ciencias de la Salud (CENCIS-Marina).En la primera se aplicarán las vacunas de AstraZeneca y Sinovac, y en la segunda sede, ‘Sputnik V’ y Pfizer.Las personas que acaban de cumplir 18 años y no pudieron acudir a inocularse, deberán enviar un mensaje con la palabra VACUNA al número 51515 para recibir información sobre su dosis.","Title":"¿Acabas de cumplir los 18 años? Una buena noticia: ya te podrás vacunar contra COVID","PublishedDate":1635559587,"Keywords":["encuesta claudia vs xochitl","voto 2024 encuestar","noticia de presupuesto","salarios nominal","pago días festivos","galvez encuestar"]}