{"Id":"82270","Author":"Víctor Chávez","Content":"La prisión preventiva ordenada al exdirector de Pemex, Emilio Lozoya Austin, rompe el círculo de impunidad en México, afirmó el dirigente nacional de Morena, Mario Delgado Carrillo.“La detención de Emilio Lozoya rompe con el circulo vicioso de la impunidad en México en donde había protección política para los corruptos”, escribió en sus redes sociales.“Esperemos que este caso sea un ejemplo de justicia para la nación”, agregó.El juez del Centro de Justicia Federal del Reclusorio Norte ordenó el encarcelamiento de Lozoya por el caso Odebrecht, medida que se aplicó de forma inmediata.La decisión del juez se tomó este miércoles a petición de la Fiscalía General de la República (FGR), que pidió revisar la medida cautelar de libertad condicionada en la que se encontraba Lozoya desde julio de 2020, cuando llegó a México extraditado de España.","Title":"Emilio Lozoya: prisión rompe círculo de impunidad en México, afirma líder de Morena","PublishedDate":1635977253,"Keywords":["lourdes mrndoza","retrato","forense","fernando gomez mont","alvarez morphy","huachicol fiscal"]}